,acronym,atlas_id,color_hex_triplet,depth,failed,failed_facet,graph_id,graph_order,hemisphere_id,id,name,neuro_name_structure_id,neuro_name_structure_id_path,ontology_id,parent_structure_id,safe_name,sphinx_id,st_level,structure_id_path,structure_name_facet,weight
0,r3BIv,,7635CC,7,False,734881840,17,1713,3,17133,ventricular zone of r3BI,,,12,17132,ventricular zone of r3BI,11613,9,/15564/15565/16808/17092/17093/17123/17132/17133/,247230049,8390
1,r1BIv,,BE4ACC,7,False,734881840,17,1516,3,16985,ventricular zone of r1BI,,,12,16984,ventricular zone of r1BI,11416,9,/15564/15565/16808/16809/16915/16967/16984/16985/,221821455,8390
2,r4BIm,,8E59E6,7,False,734881840,17,1798,3,17198,mantle zone of r4BI,,,12,17196,mantle zone of r4BI,11698,9,/15564/15565/16808/17092/17156/17182/17196/17198/,1797209311,8390
3,m1ADv,,17B317,7,False,734881840,17,1146,3,16660,ventricular zone of m1AD,,,12,16659,ventricular zone of m1AD,11046,9,/15564/15565/16649/16650/16651/16658/16659/16660/,1356780216,8390
4,CbHm,,F284FF,7,False,734881840,17,1442,3,16924,mantle zone of CbH,,,12,16920,mantle zone of CbH,11342,9,/15564/15565/16808/16809/16915/16919/16920/16924/,1385875284,8390
5,m1Rv,,4EC54E,6,False,734881840,17,1136,3,16653,ventricular zone of m1R,,,12,16652,ventricular zone of m1R,11036,9,/15564/15565/16649/16650/16651/16652/16653/,1350022604,8390
6,isBLv,,BB2CCC,7,False,734881840,17,1390,3,16878,ventricular zone of isBL,,,12,16877,ventricular zone of isBL,11290,9,/15564/15565/16808/16809/16810/16876/16877/16878/,2304034736,8390
7,r4Vev,,9E63FF,7,False,734881840,17,1755,3,17165,ventricular zone of r4Ve,,,12,17164,ventricular zone of r4Ve,11655,9,/15564/15565/16808/17092/17156/17158/17164/17165/,394642258,8390
8,LPrPv,,E76E3E,10,False,734881840,17,427,3,15980,ventricular zone of LPrP,,,12,15979,ventricular zone of LPrP,10327,9,/15564/15565/15566/15567/15738/15739/15750/15903/15956/15979/15980/,4025748153,8390
9,LAPm,,F37441,10,False,734881840,17,438,3,15991,mantle zone of LAP,,,12,15989,mantle zone of LAP,10338,9,/15564/15565/15566/15567/15738/15739/15750/15903/15956/15989/15991/,4093865822,8390
10,p2Limm,,FFF189,9,False,734881840,17,953,3,16478,mantle zone of p2Lim,,,12,16476,mantle zone of p2Lim,10853,9,/15564/15565/15566/16308/16375/16376/16382/16466/16476/16478/,934749957,8390
11,r9Trv,,75D9BF,7,False,734881840,17,2179,3,17486,ventricular zone of r9Tr,,,12,17485,ventricular zone of r9Tr,12079,9,/15564/15565/16808/17352/17476/17478/17485/17486/,2931341124,8390
12,r7Am,,56E4CD,6,False,734881840,17,2005,3,111220808,mantle zone of r7A,,,12,17355,mantle zone of r7A,11905,9,/15564/15565/16808/17352/17353/17355/111220808/,3374537030,8390
13,r9Limm,,96E2CE,7,False,734881840,17,2192,3,17496,mantle zone of r9Lim,,,12,17494,mantle zone of r9Lim,12092,9,/15564/15565/16808/17352/17476/17478/17494/17496/,2591486820,8390
14,r5BMm,,3296E6,7,False,734881840,17,1899,3,17277,mantle zone of r5BM,,,12,17275,mantle zone of r5BM,11799,9,/15564/15565/16808/17220/17221/17250/17275/17277/,1840288497,8390
15,m2ADLm,,61E361,7,False,734881840,17,1259,3,16764,mantle zone of m2ADL,,,12,16762,mantle zone of m2ADL,11159,9,/15564/15565/16649/16751/16752/16754/16762/16764/,3411848660,8390
16,PSPav,,DF7257,8,False,734881840,17,699,3,16234,ventricular zone of PSPa,,,12,16233,ventricular zone of PSPa,10599,9,/15564/15565/15566/15567/15738/16211/16212/16233/16234/,17898205,8390
17,r9BIm,,69C3AC,7,False,734881840,17,2216,3,17514,mantle zone of r9BI,,,12,17512,mantle zone of r9BI,12116,9,/15564/15565/16808/17352/17476/17500/17512/17514/,1674030988,8390
18,r11Limm,,BBE0CB,7,False,734881840,17,2348,3,17614,mantle zone of r11Lim,,,12,17612,mantle zone of r11Lim,12248,9,/15564/15565/16808/17352/17596/17598/17612/17614/,1485525845,8390
19,r2BIm,,D673E6,7,False,734881840,17,1625,3,17068,mantle zone of r2BI,,,12,17066,mantle zone of r2BI,11525,9,/15564/15565/16808/16809/17023/17053/17066/17068/,1871855725,8390
20,r8BMm,,47C3AC,7,False,734881840,17,2145,3,17462,mantle zone of r8BM,,,12,17460,mantle zone of r8BM,12045,9,/15564/15565/16808/17352/17416/17437/17460/17462/,1701314978,8390
21,PHyB-Dm,,C9674E,8,False,734881840,17,715,3,16250,mantle zone of PHyB-D,,,12,16248,mantle zone of PHyB-D,10615,9,/15564/15565/15566/15567/15738/16211/16247/16248/16250/,1689533027,8390
22,r3Vem,,A35DFF,7,False,734881840,17,1671,3,17103,mantle zone of r3Ve,,,12,17101,mantle zone of r3Ve,11571,9,/15564/15565/16808/17092/17093/17095/17101/17103/,1915130348,8390
23,r6Am,,7CC6FF,6,False,734881840,17,1921,3,111220776,mantle zone of r6A,,,12,17292,mantle zone of r6A,11821,9,/15564/15565/16808/17220/17290/17292/111220776/,3493357575,8390
24,r5BLm,,3296E6,7,False,734881840,17,1874,3,17253,mantle zone of r5BL,,,12,17251,mantle zone of r5BL,11774,9,/15564/15565/16808/17220/17221/17250/17251/17253/,448242279,8390
25,r9Vev,,75D9BF,7,False,734881840,17,2170,3,17480,ventricular zone of r9Ve,,,12,17479,ventricular zone of r9Ve,12070,9,/15564/15565/16808/17352/17476/17478/17479/17480/,526209025,8390
26,AStrm,,EAB442,10,False,734881840,17,315,3,15870,mantle zone of AStr,,,12,15868,mantle zone of AStr,10215,9,/15564/15565/15566/15567/15738/15739/15750/15751/15867/15868/15870/,4228828772,8390
27,r7Com,,56E4CD,7,False,734881840,17,2008,3,17358,mantle zone of r7Co,,,12,17356,mantle zone of r7Co,11908,9,/15564/15565/16808/17352/17353/17355/17356/17358/,2723100218,8390
28,PO1v,,A84D10,9,False,734881840,17,26,3,15588,ventricular zone of PO1,,,12,15587,ventricular zone of PO1,9926,9,/15564/15565/15566/15567/15568/15569/15576/15577/15587/15588/,432252821,8390
29,p1Bv,,CCB71D,7,False,734881840,17,1107,3,16625,ventricular zone of p1B,,,12,16624,ventricular zone of p1B,11007,9,/15564/15565/15566/16308/16509/16623/16624/16625/,1497273739,8390
30,APalv,,E6A723,10,False,734881840,17,324,3,15879,ventricular zone of APal,,,12,15878,ventricular zone of APal,10224,9,/15564/15565/15566/15567/15738/15739/15750/15751/15867/15878/15879/,1394536305,8390
31,p1Limv,,FFE524,9,False,734881840,17,1097,3,16614,ventricular zone of p1Lim,,,12,16613,ventricular zone of p1Lim,10997,9,/15564/15565/15566/16308/16509/16510/16519/16612/16613/16614/,2489945483,8390
32,TPaAv,,A8663A,8,False,734881840,17,63,3,15625,ventricular zone of TPaA,,,12,15624,ventricular zone of TPaA,9963,9,/15564/15565/15566/15567/15568/15622/15623/15624/15625/,1896223913,8390
33,SCm,,4EC54E,8,False,734881840,17,1166,3,16680,mantle zone of SC,,,12,16678,mantle zone of SC,11066,9,/15564/15565/16649/16650/16651/16658/16668/16678/16680/,4226027730,8390
34,r2Limm,,F29EFF,7,False,734881840,17,1595,3,17044,mantle zone of r2Lim,,,12,17042,mantle zone of r2Lim,11495,9,/15564/15565/16808/16809/17023/17025/17042/17044/,1299674213,8390
35,r4BMv,,7E4FCC,7,False,734881840,17,1808,3,17208,ventricular zone of r4BM,,,12,17207,ventricular zone of r4BM,11708,9,/15564/15565/16808/17092/17156/17182/17207/17208/,211729661,8390
36,Sm,,FF5974,10,False,734881840,17,621,3,16165,mantle zone of S,,,12,16163,mantle zone of S,10521,9,/15564/15565/15566/15567/15738/15739/15750/15903/16114/16163/16165/,1060554554,8390
37,r4Trm,,AC79FF,7,False,734881840,17,1765,3,17172,mantle zone of r4Tr,,,12,17170,mantle zone of r4Tr,11665,9,/15564/15565/16808/17092/17156/17158/17170/17172/,3331088428,8390
38,p2Bm,,E0D058,7,False,734881840,17,964,3,16489,mantle zone of p2B,,,12,16487,mantle zone of p2B,10864,9,/15564/15565/15566/16308/16375/16486/16487/16489/,785983703,8390
39,r3BLm,,853BE6,7,False,734881840,17,1702,3,17126,mantle zone of r3BL,,,12,17124,mantle zone of r3BL,11602,9,/15564/15565/16808/17092/17093/17123/17124/17126/,507174613,8390
40,r5BIm,,3296E6,7,False,734881840,17,1890,3,17268,mantle zone of r5BI,,,12,17266,mantle zone of r5BI,11790,9,/15564/15565/16808/17220/17221/17250/17266/17268/,1792890600,8390
41,ICv,,17B317,8,False,734881840,17,1179,3,16693,ventricular zone of IC,,,12,16692,ventricular zone of IC,11079,9,/15564/15565/16649/16650/16651/16658/16668/16692/16693/,843936178,8390
42,PrSv,,FF4865,10,False,734881840,17,628,3,16173,ventricular zone of PrS,,,12,16172,ventricular zone of PrS,10528,9,/15564/15565/15566/15567/15738/15739/15750/15903/16114/16172/16173/,3499618143,8390
43,r6Bm,,54A6E6,6,False,734881840,17,1961,3,111220804,mantle zone of r6B,,,12,17318,mantle zone of r6B,11861,9,/15564/15565/16808/17220/17290/17318/111220804/,1227962813,8390
44,r11BIm,,9AC3AC,7,False,734881840,17,2370,3,17631,mantle zone of r11BI,,,12,17629,mantle zone of r11BI,12270,9,/15564/15565/16808/17352/17596/17620/17629/17631/,1234712880,8390
45,r1Av,,EE5DFF,6,False,734881840,17,1436,3,111220620,ventricular zone of r1A,,,12,16919,ventricular zone of r1A,11336,9,/15564/15565/16808/16809/16915/16919/111220620/,3283292255,8390
46,m2ADLv,,00D100,7,False,734881840,17,1258,3,16763,ventricular zone of m2ADL,,,12,16762,ventricular zone of m2ADL,11158,9,/15564/15565/16649/16751/16752/16754/16762/16763/,2050468020,8390
47,CAv,,FF4865,10,False,734881840,17,582,3,16125,ventricular zone of CA,,,12,16124,ventricular zone of CA,10482,9,/15564/15565/15566/15567/15738/15739/15750/15903/16114/16124/16125/,648869908,8390
48,PO2v,,A84D10,9,False,734881840,17,38,3,15600,ventricular zone of PO2,,,12,15599,ventricular zone of PO2,9938,9,/15564/15565/15566/15567/15568/15569/15576/15577/15599/15600/,2160784943,8390
49,CbHv,,EE5DFF,7,False,734881840,17,1440,3,16922,ventricular zone of CbH,,,12,16920,ventricular zone of CbH,11340,9,/15564/15565/16808/16809/16915/16919/16920/16922/,240134603,8390
50,RMam,,C9674E,9,False,734881840,17,762,3,16297,mantle zone of RMa,,,12,16295,mantle zone of RMa,10662,9,/15564/15565/15566/15567/15738/16211/16247/16294/16295/16297/,533769746,8390
51,MPallv,,FF4865,9,False,734881840,17,567,3,111220562,ventricular zone of MPall,,,12,16114,ventricular zone of MPall,10467,9,/15564/15565/15566/15567/15738/15739/15750/15903/16114/111220562/,1957130426,8390
52,r7Limm,,56E4CD,7,False,734881840,17,2034,3,17375,mantle zone of r7Lim,,,12,17373,mantle zone of r7Lim,11934,9,/15564/15565/16808/17352/17353/17355/17373/17375/,2057929815,8390
53,r3BMm,,853BE6,7,False,734881840,17,1725,3,17145,mantle zone of r3BM,,,12,17143,mantle zone of r3BM,11625,9,/15564/15565/16808/17092/17093/17123/17143/17145/,1765666371,8390
54,CSComm,,FAB17C,8,False,734881840,17,182,3,15744,mantle zone of CSCom,,,12,15741,mantle zone of CSCom,10082,9,/15564/15565/15566/15567/15738/15739/15740/15741/15744/,262837646,8390
55,PCv,,F2193C,10,False,734881840,17,469,3,16017,ventricular zone of PCx,,,12,16016,ventricular zone of PCx,10369,9,/15564/15565/15566/15567/15738/15739/15750/15903/16001/16016/16017/,3128299949,8390
56,m1ALv,,17B317,7,False,734881840,17,1191,3,16704,ventricular zone of m1AL,,,12,16703,ventricular zone of m1AL,11091,9,/15564/15565/16649/16650/16651/16658/16703/16704/,1577409162,8390
57,THyB-Vv,,86522E,8,False,734881840,17,141,3,15703,ventricular zone of THyB-V,,,12,15702,ventricular zone of THyB-V,10041,9,/15564/15565/15566/15567/15568/15622/15666/15702/15703/,1100940128,8390
58,TCv,,F2193C,10,False,734881840,17,497,3,16045,ventricular zone of TCx,,,12,16044,ventricular zone of TCx,10397,9,/15564/15565/15566/15567/15738/15739/15750/15903/16001/16044/16045/,3179264369,8390
59,r5Fv,,2670AB,6,False,734881840,17,1912,3,112892363,ventricular zone of r5F,,,12,17289,ventricular zone of r5F,11812,9,/15564/15565/16808/17220/17221/17289/112892363/,968573176,8390
60,r3Fm,,7635CC,6,False,734881840,17,1737,3,112892345,mantle zone of r3F,,,12,17155,mantle zone of r3F,11637,9,/15564/15565/16808/17092/17093/17155/112892345/,858458593,8390
61,CbVv,,EA37FF,7,False,734881840,17,1321,3,16817,ventricular zone of cerebellar vermis,,,12,16814,ventricular zone of cerebellar vermis,11221,9,/15564/15565/16808/16809/16810/16813/16814/16817/,589030741,8390
62,isBv,,BB2CCC,6,False,734881840,17,1387,3,111220616,ventricular zone of isB,,,12,16876,ventricular zone of isB,11287,9,/15564/15565/16808/16809/16810/16876/111220616/,2290491635,8390
63,POHm,,B46632,8,False,734881840,17,53,3,15615,mantle zone of POH,,,12,15613,mantle zone of POH,9953,9,/15564/15565/15566/15567/15568/15569/15576/15613/15615/,1825603730,8390
64,MPallm,,FF5974,9,False,734881840,17,568,3,111220564,mantle zone of MPall,,,12,16114,mantle zone of MPall,10468,9,/15564/15565/15566/15567/15738/15739/15750/15903/16114/111220564/,3318511066,8390
65,JcPm,,F4E35F,8,False,734881840,17,1027,3,111220602,mantle zone of JcP,,,12,16548,mantle zone of JcP,10927,9,/15564/15565/15566/16308/16509/16510/16519/16548/111220602/,1463571916,8390
66,isADLv,,EA37FF,7,False,734881840,17,1348,3,111220612,ventricular zone of isADL,,,12,16843,ventricular zone of isADL,11248,9,/15564/15565/16808/16809/16810/16813/16843/111220612/,2887725356,8390
67,r10Fm,,74AE99,6,False,734881840,17,2318,3,112892421,mantle zone of r10F,,,12,17595,mantle zone of r10F,12218,9,/15564/15565/16808/17352/17538/17595/112892421/,3764582609,8390
68,SpBMm,,D4CCC0,5,False,734881840,17,2477,3,17727,mantle zone of SpBM,,,12,17725,mantle zone of SpBM,12377,9,/15564/15565/17651/17692/17725/17727/,57611649,8390
69,r4Limm,,AC79FF,7,False,734881840,17,1774,3,17178,mantle zone of r4Lim,,,12,17176,mantle zone of r4Lim,11674,9,/15564/15565/16808/17092/17156/17158/17176/17178/,1746676665,8390
70,r4Vem,,AC79FF,7,False,734881840,17,1756,3,17166,mantle zone of r4Ve,,,12,17164,mantle zone of r4Ve,11656,9,/15564/15565/16808/17092/17156/17158/17164/17166/,2003404649,8390
71,isLimm,,F070FF,8,False,734881840,17,1376,3,16867,mantle zone of isLim,,,12,16865,mantle zone of isLim,11276,9,/15564/15565/16808/16809/16810/16813/16864/16865/16867/,2045767086,8390
72,r3Am,,A35DFF,6,False,734881840,17,1660,3,111220680,mantle zone of r3A,,,12,17095,mantle zone of r3A,11560,9,/15564/15565/16808/17092/17093/17095/111220680/,2907675714,8390
73,r2Av,,EE80FF,6,False,734881840,17,1566,3,111220646,ventricular zone of r2A,,,12,17025,ventricular zone of r2A,11466,9,/15564/15565/16808/16809/17023/17025/111220646/,3902686108,8390
74,r10Vem,,A6E0CB,7,False,734881840,17,2252,3,17543,mantle zone of r10Ve,,,12,17541,mantle zone of r10Ve,12152,9,/15564/15565/16808/17352/17538/17540/17541/17543/,1412229297,8390
75,PPam,,E4866F,8,False,734881840,17,680,3,16215,mantle zone of PPaA,,,12,16213,mantle zone of PPaA,10580,9,/15564/15565/15566/15567/15738/16211/16212/16213/16215/,2659764165,8390
76,InsCv,,F2193C,10,False,734881840,17,511,3,16059,ventricular zone of InsCx,,,12,16058,ventricular zone of InsCx,10411,9,/15564/15565/15566/15567/15738/15739/15750/15903/16001/16058/16059/,2260189926,8390
77,DGm,,FF5974,10,False,734881840,17,574,3,16117,mantle zone of DG,,,12,16115,mantle zone of DG,10474,9,/15564/15565/15566/15567/15738/15739/15750/15903/16114/16115/16117/,4178202717,8390
78,r8Limm,,79E2CE,7,False,734881840,17,2110,3,17433,mantle zone of r8Lim,,,12,17431,mantle zone of r8Lim,12010,9,/15564/15565/16808/17352/17416/17418/17431/17433/,583701505,8390
79,m2Rm,,93EC93,6,False,734881840,17,1243,3,112892287,mantle zone of m2R,,,12,16753,mantle zone of m2R,11143,9,/15564/15565/16649/16751/16752/16753/112892287/,663750800,8390
80,RSComm,,C86A39,8,False,734881840,17,10,3,15574,mantle zone of RSCom,,,12,15571,mantle zone of RSCom,9910,9,/15564/15565/15566/15567/15568/15569/15570/15571/15574/,1378495420,8390
81,PHyB-Im,,C9674E,8,False,734881840,17,726,3,16261,mantle zone of PHyB-I,,,12,16259,mantle zone of PHyB-I,10626,9,/15564/15565/15566/15567/15738/16211/16247/16259/16261/,436553438,8390
82,SpBLm,,D4CCC0,5,False,734881840,17,2445,3,17695,mantle zone of SpBL,,,12,17693,mantle zone of SpBL,12345,9,/15564/15565/17651/17692/17693/17695/,1952982295,8390
83,r5Bv,,2C86CC,6,False,734881840,17,1870,3,111220770,ventricular zone of r5B,,,12,17250,ventricular zone of r5B,11770,9,/15564/15565/16808/17220/17221/17250/111220770/,1054246113,8390
84,AHym,,EAB442,10,False,734881840,17,340,3,15895,mantle zone of AHy,,,12,15893,mantle zone of AHy,10240,9,/15564/15565/15566/15567/15738/15739/15750/15751/15867/15893/15895/,1873534760,8390
85,AOVv,,DA4335,10,False,734881840,17,365,3,15918,ventricular zone of AOV,,,12,15917,ventricular zone of AOV,10265,9,/15564/15565/15566/15567/15738/15739/15750/15903/15904/15917/15918/,3622935081,8390
86,AODm,,F37441,10,False,734881840,17,418,3,15971,mantle zone of AOD,,,12,15969,mantle zone of AOD,10318,9,/15564/15565/15566/15567/15738/15739/15750/15903/15956/15969/15971/,2021787134,8390
87,r1Trv,,EE5DFF,7,False,734881840,17,1477,3,16955,ventricular zone of r1Tr,,,12,16954,ventricular zone of r1Tr,11377,9,/15564/15565/16808/16809/16915/16919/16954/16955/,2695620348,8390
88,SpBIm,,D4CCC0,5,False,734881840,17,2462,3,17712,mantle zone of SpBI,,,12,17710,mantle zone of SpBI,12362,9,/15564/15565/17651/17692/17710/17712/,67293592,8390
89,r9BLm,,69C3AC,7,False,734881840,17,2205,3,17503,mantle zone of r9BL,,,12,17501,mantle zone of r9BL,12105,9,/15564/15565/16808/17352/17476/17500/17501/17503/,330128131,8390
90,r10Trm,,A6E0CB,7,False,734881840,17,2261,3,17549,mantle zone of r10Tr,,,12,17547,mantle zone of r10Tr,12161,9,/15564/15565/16808/17352/17538/17540/17547/17549/,3855159284,8390
91,Hbv,,FFED64,9,False,734881840,17,856,3,16385,ventricular zone of Hb,,,12,16384,ventricular zone of Hb,10756,9,/15564/15565/15566/16308/16375/16376/16382/16383/16384/16385/,1732202669,8390
92,AOVm,,DE5548,10,False,734881840,17,366,3,15919,mantle zone of AOV,,,12,15917,mantle zone of AOV,10266,9,/15564/15565/15566/15567/15738/15739/15750/15903/15904/15917/15919/,2335929526,8390
93,RMav,,B25B46,9,False,734881840,17,761,3,16296,ventricular zone of RMa,,,12,16295,ventricular zone of RMa,10661,9,/15564/15565/15566/15567/15738/16211/16247/16294/16295/16296/,1125793933,8390
94,isBIv,,BB2CCC,8,False,734881840,17,1400,3,16888,ventricular zone of isBI,,,12,16887,ventricular zone of isBI,11300,9,/15564/15565/16808/16809/16810/16876/16877/16887/16888/,4181603135,8390
95,r6Vem,,7CC6FF,7,False,734881840,17,1932,3,17300,mantle zone of r6Ve,,,12,17298,mantle zone of r6Ve,11832,9,/15564/15565/16808/17220/17290/17292/17298/17300/,1961710343,8390
96,r8Bv,,3FAE99,6,False,734881840,17,2119,3,111220860,ventricular zone of r8B,,,12,17437,ventricular zone of r8B,12019,9,/15564/15565/16808/17352/17416/17437/111220860/,2339961516,8390
97,r11BLm,,9AC3AC,7,False,734881840,17,2362,3,17623,mantle zone of r11BL,,,12,17621,mantle zone of r11BL,12262,9,/15564/15565/16808/17352/17596/17620/17621/17623/,972213695,8390
98,r6BIv,,4A93CC,7,False,734881840,17,1972,3,17329,ventricular zone of r6BI,,,12,17328,ventricular zone of r6BI,11872,9,/15564/15565/16808/17220/17290/17318/17328/17329/,142060682,8390
99,AStrv,,E6A723,10,False,734881840,17,314,3,15869,ventricular zone of AStr,,,12,15868,ventricular zone of AStr,10214,9,/15564/15565/15566/15567/15738/15739/15750/15751/15867/15868/15869/,2632092255,8390
100,p2Fm,,CCBE50,7,False,734881840,17,979,3,16504,mantle zone of p2F,,,12,16502,mantle zone of p2F,10879,9,/15564/15565/15566/16308/16375/16486/16502/16504/,699722958,8390
101,r10BMv,,74AE99,7,False,734881840,17,2303,3,17582,ventricular zone of r10BM,,,12,17581,ventricular zone of r10BM,12203,9,/15564/15565/16808/17352/17538/17562/17581/17582/,4267479678,8390
102,r5BLv,,2C86CC,7,False,734881840,17,1873,3,17252,ventricular zone of r5BL,,,12,17251,ventricular zone of r5BL,11773,9,/15564/15565/16808/17220/17221/17250/17251/17252/,2052843100,8390
103,r5Trv,,37A7FF,7,False,734881840,17,1849,3,17236,ventricular zone of r5Tr,,,12,17235,ventricular zone of r5Tr,11749,9,/15564/15565/16808/17220/17221/17223/17235/17236/,2812431904,8390
104,CoPVm,,F4E35F,9,False,734881840,17,1085,3,16604,mantle zone of CoPV,,,12,16602,mantle zone of CoPV,10985,9,/15564/15565/15566/16308/16509/16510/16519/16578/16602/16604/,3063750508,8390
105,SpALm,,EBE3D5,5,False,734881840,17,2417,3,17669,mantle zone of the SpAL,,,12,17666,mantle zone of the SpAL,12317,9,/15564/15565/17651/17653/17666/17669/,3538472316,8390
106,Hbm,,FFF189,9,False,734881840,17,857,3,16386,mantle zone of Hb,,,12,16384,mantle zone of Hb,10757,9,/15564/15565/15566/16308/16375/16376/16382/16383/16384/16386/,515623702,8390
107,r6Trv,,5DB8FF,7,False,734881840,17,1940,3,17305,ventricular zone of r6Tr,,,12,17304,ventricular zone of r6Tr,11840,9,/15564/15565/16808/17220/17290/17292/17304/17305/,2783244409,8390
108,p2ZLv,,FFED64,9,False,734881840,17,943,3,16468,ventricular zone of p2ZL,,,12,16467,ventricular zone of p2ZL,10843,9,/15564/15565/15566/16308/16375/16376/16382/16466/16467/16468/,1460051979,8390
109,PcPLm,,F4E35F,9,False,734881840,17,1009,3,16532,mantle zone of PcPL,,,12,16530,mantle zone of PcPL,10909,9,/15564/15565/15566/16308/16509/16510/16519/16520/16530/16532/,4843267,8390
110,r9Limv,,75D9BF,7,False,734881840,17,2191,3,17495,ventricular zone of r9Lim,,,12,17494,ventricular zone of r9Lim,12091,9,/15564/15565/16808/17352/17476/17478/17494/17495/,723383812,8390
111,r11Bv,,89AE99,6,False,734881840,17,2358,3,111220938,ventricular zone of r11B,,,12,17620,ventricular zone of r11B,12258,9,/15564/15565/16808/17352/17596/17620/111220938/,2667071922,8390
112,POHv,,A84D10,8,False,734881840,17,52,3,15614,ventricular zone of POH,,,12,15613,ventricular zone of POH,9952,9,/15564/15565/15566/15567/15568/15569/15576/15613/15614/,807038477,8390
113,p1AVLv,,FFE524,8,False,734881840,17,1094,3,111220608,ventricular zone of p1AVL,,,12,16612,ventricular zone of p1AVL,10994,9,/15564/15565/15566/16308/16509/16510/16519/16612/111220608/,2282103994,8390
114,p1AVLm,,F4E35F,8,False,734881840,17,1095,3,111220610,mantle zone of p1AVL,,,12,16612,mantle zone of p1AVL,10995,9,/15564/15565/15566/16308/16509/16510/16519/16612/111220610/,963453402,8390
115,r8Av,,4FD9BF,6,False,734881840,17,2088,3,111220838,ventricular zone of r8A,,,12,17418,ventricular zone of r8A,11988,9,/15564/15565/16808/17352/17416/17418/111220838/,309439254,8390
116,r8BMv,,3FAE99,7,False,734881840,17,2144,3,17461,ventricular zone of r8BM,,,12,17460,ventricular zone of r8BM,12044,9,/15564/15565/16808/17352/17416/17437/17460/17461/,92554649,8390
117,r11BLv,,89AE99,7,False,734881840,17,2361,3,17622,ventricular zone of r11BL,,,12,17621,ventricular zone of r11BL,12261,9,/15564/15565/16808/17352/17596/17620/17621/17622/,2291779807,8390
118,CSComv,,ED985C,8,False,734881840,17,180,3,15742,ventricular zone of CSCom,,,12,15741,ventricular zone of CSCom,10080,9,/15564/15565/15566/15567/15738/15739/15740/15741/15742/,3200356590,8390
119,SePalm,,F5853A,10,False,734881840,17,239,3,15799,mantle zone of SePal,,,12,15797,mantle zone of SePal,10139,9,/15564/15565/15566/15567/15738/15739/15750/15751/15784/15797/15799/,1307485504,8390
120,p2ALm,,FFF189,8,False,734881840,17,868,3,111220590,mantle zone of p2AL,,,12,16395,mantle zone of p2AL,10768,9,/15564/15565/15566/16308/16375/16376/16382/16395/111220590/,2665230250,8390
121,r8Trv,,4FD9BF,7,False,734881840,17,2099,3,17425,ventricular zone of r8Tr,,,12,17424,ventricular zone of r8Tr,11999,9,/15564/15565/16808/17352/17416/17418/17424/17425/,2944064883,8390
122,p2AAVm,,FFF189,8,False,734881840,17,941,3,111220594,mantle zone of p2AAV,,,12,16466,mantle zone of p2AAV,10841,9,/15564/15565/15566/16308/16375/16376/16382/16466/111220594/,3543790552,8390
123,m2ALm,,61E361,7,False,734881840,17,1268,3,16773,mantle zone of m2AL,,,12,16771,mantle zone of m2AL,11168,9,/15564/15565/16649/16751/16752/16754/16771/16773/,1018142952,8390
124,r8Vem,,79E2CE,7,False,734881840,17,2092,3,17421,mantle zone of r8Ve,,,12,17419,mantle zone of r8Ve,11992,9,/15564/15565/16808/17352/17416/17418/17419/17421/,2121498125,8390
125,SpAMm,,EBE3D5,5,False,734881840,17,2404,3,17656,mantle zone of the SpAM,,,12,17654,mantle zone of the SpAM,12304,9,/15564/15565/17651/17653/17654/17656/,2783968746,8390
126,r3Cov,,9442FF,7,False,734881840,17,1662,3,17097,ventricular zone of r3Co,,,12,17096,ventricular zone of r3Co,11562,9,/15564/15565/16808/17092/17093/17095/17096/17097/,3316308701,8390
127,r6Av,,5DB8FF,6,False,734881840,17,1920,3,111220774,ventricular zone of r6A,,,12,17292,ventricular zone of r6A,11820,9,/15564/15565/16808/17220/17290/17292/111220774/,2364704408,8390
128,CoPDv,,FFE524,9,False,734881840,17,1061,3,16580,ventricular zone of CoPD,,,12,16579,ventricular zone of CoPD,10961,9,/15564/15565/15566/16308/16509/16510/16519/16578/16579/16580/,633874975,8390
129,r7BIv,,0EAE94,7,False,734881840,17,2055,3,17391,ventricular zone of r7BI,,,12,17390,ventricular zone of r7BI,11955,9,/15564/15565/16808/17352/17353/17380/17390/17391/,162907837,8390
130,TSPaAv,,A8663A,8,False,734881840,17,92,3,15654,ventricular zone of TSPaA,,,12,15653,ventricular zone of TSPaA,9992,9,/15564/15565/15566/15567/15568/15622/15623/15653/15654/,3728377656,8390
131,r2BLv,,D673E6,7,False,734881840,17,1611,3,17055,ventricular zone of r2BL,,,12,17054,ventricular zone of r2BL,11511,9,/15564/15565/16808/16809/17023/17053/17054/17055/,2132078809,8390
132,THyB-Iv,,86522E,8,False,734881840,17,123,3,15685,ventricular zone of THyB-I,,,12,15684,ventricular zone of THyB-I,10023,9,/15564/15565/15566/15567/15568/15622/15666/15684/15685/,3432451733,8390
133,PalSev,,FAA41A,10,False,734881840,17,206,3,15766,ventricular zone of PalSe,,,12,15765,ventricular zone of PalSe,10106,9,/15564/15565/15566/15567/15738/15739/15750/15751/15752/15765/15766/,2375728518,8390
134,DPallm,,F32F4F,9,False,734881840,17,450,3,111220554,mantle zone of DPall,,,12,16001,mantle zone of DPall,10350,9,/15564/15565/15566/15567/15738/15739/15750/15903/16001/111220554/,3369867179,8390
135,r6Fv,,3E7CAB,6,False,734881840,17,1995,3,112892373,ventricular zone of r6F,,,12,17351,ventricular zone of r6F,11895,9,/15564/15565/16808/17220/17290/17351/112892373/,311825211,8390
136,m2ADm,,61E361,7,False,734881840,17,1250,3,16757,mantle zone of m2AD,,,12,16755,mantle zone of m2AD,11150,9,/15564/15565/16649/16751/16752/16754/16755/16757/,846473434,8390
137,r11Vev,,BFD9BF,7,False,734881840,17,2328,3,17600,ventricular zone of r11Ve,,,12,17599,ventricular zone of r11Ve,12228,9,/15564/15565/16808/17352/17596/17598/17599/17600/,3833956326,8390
138,r6BMm,,54A6E6,7,False,734881840,17,1983,3,17340,mantle zone of r6BM,,,12,17338,mantle zone of r6BM,11883,9,/15564/15565/16808/17220/17290/17318/17338/17340/,1878404264,8390
139,r3Limm,,A35DFF,7,False,734881840,17,1689,3,17115,mantle zone of r3Lim,,,12,17113,mantle zone of r3Lim,11589,9,/15564/15565/16808/17092/17093/17095/17113/17115/,4123726592,8390
140,r1Fv,,9B3CA6,6,False,734881840,17,1556,3,112892323,ventricular zone of r1F,,,12,17022,ventricular zone of r1F,11456,9,/15564/15565/16808/16809/16915/17022/112892323/,1574405628,8390
141,OBm,,DE5548,10,False,734881840,17,354,3,15907,mantle zone of OB,,,12,15905,mantle zone of OB,10254,9,/15564/15565/15566/15567/15738/15739/15750/15903/15904/15905/15907/,1788116249,8390
142,PcPm,,F4E35F,8,False,734881840,17,997,3,111220598,mantle zone of PcP,,,12,16520,mantle zone of PcP,10897,9,/15564/15565/15566/16308/16509/16510/16519/16520/111220598/,1183675242,8390
143,r2BMm,,D673E6,7,False,734881840,17,1639,3,17081,mantle zone of r2BM,,,12,17079,mantle zone of r2BM,11539,9,/15564/15565/16808/16809/17023/17053/17079/17081/,1761576052,8390
144,r3BMv,,7635CC,7,False,734881840,17,1724,3,17144,ventricular zone of r3BM,,,12,17143,ventricular zone of r3BM,11624,9,/15564/15565/16808/17092/17093/17123/17143/17144/,164735608,8390
145,SPallm,,F5853A,8,False,734881840,17,191,3,111220536,mantle zone of SPall,,,12,15751,mantle zone of SPall,10091,9,/15564/15565/15566/15567/15738/15739/15750/15751/111220536/,438066233,8390
146,r8Vev,,4FD9BF,7,False,734881840,17,2091,3,17420,ventricular zone of r8Ve,,,12,17419,ventricular zone of r8Ve,11991,9,/15564/15565/16808/17352/17416/17418/17419/17420/,513751606,8390
147,r11Vem,,BBE0CB,7,False,734881840,17,2329,3,17601,mantle zone of r11Ve,,,12,17599,mantle zone of r11Ve,12229,9,/15564/15565/16808/17352/17596/17598/17599/17601/,1441694342,8390
148,DgSem,,FBB13B,10,False,734881840,17,195,3,15755,mantle zone of DgSe,,,12,15753,mantle zone of DgSe,10095,9,/15564/15565/15566/15567/15738/15739/15750/15751/15752/15753/15755/,2980332728,8390
149,p3Chv,,FFF7BD,8,False,734881840,17,778,3,111220576,ventricular zone of p3Ch,,,12,16312,ventricular zone of p3Ch,10678,9,/15564/15565/15566/16308/16309/16310/16311/16312/111220576/,4056385525,8390
150,r5Vem,,5DB8FF,7,False,734881840,17,1841,3,17231,mantle zone of r5Ve,,,12,17229,mantle zone of r5Ve,11741,9,/15564/15565/16808/17220/17221/17223/17229/17231/,1990978910,8390
151,p3Fv,,8D885B,7,False,734881840,17,838,3,16369,ventricular zone of p3F,,,12,16368,ventricular zone of p3F,10738,9,/15564/15565/15566/16308/16309/16352/16368/16369/,1818571536,8390
152,r2Vem,,F29EFF,7,False,734881840,17,1578,3,17033,mantle zone of r2Ve,,,12,17031,mantle zone of r2Ve,11478,9,/15564/15565/16808/16809/17023/17025/17031/17033/,1944386523,8390
153,r10BMm,,83C3AC,7,False,734881840,17,2304,3,17583,mantle zone of r10BM,,,12,17581,mantle zone of r10BM,12204,9,/15564/15565/16808/17352/17538/17562/17581/17583/,1329043230,8390
154,r1BMv,,BE4ACC,7,False,734881840,17,1528,3,16995,ventricular zone of r1BM,,,12,16994,ventricular zone of r1BM,11428,9,/15564/15565/16808/16809/16915/16967/16994/16995/,173374998,8390
155,DgSev,,FAA41A,10,False,734881840,17,194,3,15754,ventricular zone of DgSe,,,12,15753,ventricular zone of DgSe,10094,9,/15564/15565/15566/15567/15738/15739/15750/15751/15752/15753/15754/,3511156867,8390
156,SpBIv,,D4CCC0,5,False,734881840,17,2461,3,17711,ventricular zone of SpBI,,,12,17710,ventricular zone of SpBI,12361,9,/15564/15565/17651/17692/17710/17711/,1693357475,8390
157,p1Fm,,CCB71D,7,False,734881840,17,1126,3,16643,mantle zone of p1F,,,12,16641,mantle zone of p1F,11026,9,/15564/15565/15566/16308/16509/16623/16641/16643/,43630349,8390
158,r1Vem,,F284FF,7,False,734881840,17,1470,3,16952,mantle zone of r1Ve,,,12,16950,mantle zone of r1Ve,11370,9,/15564/15565/16808/16809/16915/16919/16950/16952/,1906460034,8390
159,PThEm,,FFF7BD,9,False,734881840,17,784,3,16317,mantle zone of PThE,,,12,16315,mantle zone of PThE,10684,9,/15564/15565/15566/16308/16309/16310/16313/16314/16315/16317/,1328418889,8390
160,r1Limv,,EE5DFF,7,False,734881840,17,1485,3,16960,ventricular zone of r1Lim,,,12,16959,ventricular zone of r1Lim,11385,9,/15564/15565/16808/16809/16915/16919/16959/16960/,4004110059,8390
161,r6Trm,,7CC6FF,7,False,734881840,17,1941,3,17306,mantle zone of r6Tr,,,12,17304,mantle zone of r6Tr,11841,9,/15564/15565/16808/17220/17290/17292/17304/17306/,3305681986,8390
162,LPrPm,,F37441,10,False,734881840,17,428,3,15981,mantle zone of LPrP,,,12,15979,mantle zone of LPrP,10328,9,/15564/15565/15566/15567/15738/15739/15750/15903/15956/15979/15981/,2400734850,8390
163,r9BIv,,5EAE99,7,False,734881840,17,2215,3,17513,ventricular zone of r9BI,,,12,17512,ventricular zone of r9BI,12115,9,/15564/15565/16808/17352/17476/17500/17512/17513/,53210039,8390
164,RtCv,,FFF4A4,9,False,734881840,17,791,3,16324,ventricular zone of RtC,,,12,16323,ventricular zone of RtC,10691,9,/15564/15565/15566/16308/16309/16310/16313/16322/16323/16324/,2566819027,8390
165,r8BIv,,3FAE99,7,False,734881840,17,2133,3,17450,ventricular zone of r8BI,,,12,17449,ventricular zone of r8BI,12033,9,/15564/15565/16808/17352/17416/17437/17449/17450/,48857472,8390
166,TGm,,4EC54E,8,False,734881840,17,1157,3,16671,mantle zone of TG,,,12,16669,mantle zone of TG,11057,9,/15564/15565/16649/16650/16651/16658/16668/16669/16671/,3016245772,8390
167,r9Fv,,437E6F,6,False,734881840,17,2240,3,112892407,ventricular zone of r9F,,,12,17537,ventricular zone of r9F,12140,9,/15564/15565/16808/17352/17476/17537/112892407/,2500726772,8390
168,r10Trv,,91D9BF,7,False,734881840,17,2260,3,17548,ventricular zone of r10Tr,,,12,17547,ventricular zone of r10Tr,12160,9,/15564/15565/16808/17352/17538/17540/17547/17548/,1419905684,8390
169,m2Bm,,0CBF0C,6,False,734881840,17,1288,3,16793,mantle zone of m2B,,,12,16791,mantle zone of m2B,11188,9,/15564/15565/16649/16751/16790/16791/16793/,975640820,8390
170,Dgm,,EA9E4E,10,False,734881840,17,266,3,15821,mantle zone of Dg,,,12,15819,mantle zone of Dg,10166,9,/15564/15565/15566/15567/15738/15739/15750/15751/15818/15819/15821/,3261362325,8390
171,ERm,,F32F4F,10,False,734881840,17,556,3,16104,mantle zone of ERCx,,,12,16102,mantle zone of ERCx,10456,9,/15564/15565/15566/15567/15738/15739/15750/15903/16001/16102/16104/,41712174,8390
172,r5BMv,,2C86CC,7,False,734881840,17,1898,3,17276,ventricular zone of r5BM,,,12,17275,ventricular zone of r5BM,11798,9,/15564/15565/16808/17220/17221/17250/17275/17276/,224188106,8390
173,ADgv,,E6A723,10,False,734881840,17,332,3,15887,ventricular zone of ADg,,,12,15886,ventricular zone of ADg,10232,9,/15564/15565/15566/15567/15738/15739/15750/15751/15867/15886/15887/,1708868568,8390
174,r5Com,,5DB8FF,7,False,734881840,17,1833,3,17226,mantle zone of r5Co,,,12,17224,mantle zone of r5Co,11733,9,/15564/15565/16808/17220/17221/17223/17224/17226/,2714493524,8390
175,m1Bm,,45AC47,6,False,734881840,17,1215,3,16728,mantle zone of m1B,,,12,16726,mantle zone of m1B,11115,9,/15564/15565/16649/16650/16725/16726/16728/,285887287,8390
176,r7Cov,,12D9B9,7,False,734881840,17,2007,3,17357,ventricular zone of r7Co,,,12,17356,ventricular zone of r7Co,11907,9,/15564/15565/16808/17352/17353/17355/17356/17357/,3265491457,8390
177,r1Trm,,F284FF,7,False,734881840,17,1478,3,16956,mantle zone of r1Tr,,,12,16954,mantle zone of r1Tr,11378,9,/15564/15565/16808/16809/16915/16919/16954/16956/,3225920199,8390
178,TGv,,17B317,8,False,734881840,17,1156,3,16670,ventricular zone of TG,,,12,16669,ventricular zone of TG,11056,9,/15564/15565/16649/16650/16651/16658/16668/16669/16670/,3394034103,8390
179,r7Trv,,12D9B9,7,False,734881840,17,2023,3,17367,ventricular zone of r7Tr,,,12,17366,ventricular zone of r7Tr,11923,9,/15564/15565/16808/17352/17353/17355/17366/17367/,2753993294,8390
180,r11Av,,BFD9BF,6,False,734881840,17,2325,3,111220916,ventricular zone of r11A,,,12,17598,ventricular zone of r11A,12225,9,/15564/15565/16808/17352/17596/17598/111220916/,133240840,8390
181,SpAVm,,EBE3D5,5,False,734881840,17,2427,3,17679,mantle zone of the SpAV,,,12,17677,mantle zone of the SpAV,12327,9,/15564/15565/17651/17653/17677/17679/,797586438,8390
182,r4BLm,,8E59E6,7,False,734881840,17,1786,3,17185,mantle zone of r4BL,,,12,17183,mantle zone of r4BL,11686,9,/15564/15565/16808/17092/17156/17182/17183/17185/,460703824,8390
183,p3ZLv,,FFF4A4,9,False,734881840,17,803,3,16334,ventricular zone of p3ZL,,,12,16333,ventricular zone of p3ZL,10703,9,/15564/15565/15566/16308/16309/16310/16313/16332/16333/16334/,1455737404,8390
184,r5Bm,,3296E6,6,False,734881840,17,1871,3,111220772,mantle zone of r5B,,,12,17250,mantle zone of r5B,11771,9,/15564/15565/16808/17220/17221/17250/111220772/,1646029438,8390
185,THyB-Pm,,975C34,8,False,734881840,17,153,3,15715,mantle zone of THyB-P,,,12,15712,mantle zone of THyB-P,10053,9,/15564/15565/15566/15567/15568/15622/15666/15712/15715/,3858738184,8390
186,p2Chm,,FEF3A8,8,False,734881840,17,849,3,111220586,mantle zone of p2Ch,,,12,16378,mantle zone of p2Ch,10749,9,/15564/15565/15566/16308/16375/16376/16377/16378/111220586/,2431232505,8390
187,r3BIm,,853BE6,7,False,734881840,17,1714,3,17134,mantle zone of r3BI,,,12,17132,mantle zone of r3BI,11614,9,/15564/15565/16808/17092/17093/17123/17132/17134/,1850747482,8390
188,r8Fm,,3FAE99,6,False,734881840,17,2160,3,112892397,mantle zone of r8F,,,12,17475,mantle zone of r8F,12060,9,/15564/15565/16808/17352/17416/17475/112892397/,3504328746,8390
189,r10Av,,91D9BF,6,False,734881840,17,2248,3,111220890,ventricular zone of r10A,,,12,17540,ventricular zone of r10A,12148,9,/15564/15565/16808/17352/17538/17540/111220890/,518662473,8390
190,Fcm,,FF5974,10,False,734881840,17,657,3,112892269,mantle zone of the Fc,,,12,112892265,mantle zone of the Fc,10557,9,/15564/15565/15566/15567/15738/15739/15750/15903/16114/112892265/112892269/,1272422953,8390
191,r1Bv,,BE4ACC,6,False,734881840,17,1496,3,111220642,ventricular zone of r1B,,,12,16967,ventricular zone of r1B,11396,9,/15564/15565/16808/16809/16915/16967/111220642/,1522156005,8390
192,DPallv,,F2193C,9,False,734881840,17,449,3,111220552,ventricular zone of DPall,,,12,16001,ventricular zone of DPall,10349,9,/15564/15565/15566/15567/15738/15739/15750/15903/16001/111220552/,2042041035,8390
193,AODv,,E76E3E,10,False,734881840,17,417,3,15970,ventricular zone of AOD,,,12,15969,ventricular zone of AOD,10317,9,/15564/15565/15566/15567/15738/15739/15750/15903/15956/15969/15970/,608758625,8390
194,PPav,,DF7257,8,False,734881840,17,679,3,16214,ventricular zone of PPaA,,,12,16213,ventricular zone of PPaA,10579,9,/15564/15565/15566/15567/15738/16211/16212/16213/16214/,4268000254,8390
195,r9Bv,,5EAE99,6,False,734881840,17,2201,3,111220886,ventricular zone of r9B,,,12,17500,ventricular zone of r9B,12101,9,/15564/15565/16808/17352/17476/17500/111220886/,2456013805,8390
196,PalSem,,FBB13B,10,False,734881840,17,207,3,15767,mantle zone of PalSe,,,12,15765,mantle zone of PalSe,10107,9,/15564/15565/15566/15567/15738/15739/15750/15751/15752/15765/15767/,1022474470,8390
197,r8BLm,,47C3AC,7,False,734881840,17,2123,3,17440,mantle zone of r8BL,,,12,17438,mantle zone of r8BL,12023,9,/15564/15565/16808/17352/17416/17437/17438/17440/,309276980,8390
198,LTerm,,B46632,9,False,734881840,17,18,3,15580,mantle zone of LTer,,,12,15578,mantle zone of LTer,9918,9,/15564/15565/15566/15567/15568/15569/15576/15577/15578/15580/,1492263724,8390
199,r2Fv,,9A579D,6,False,734881840,17,1650,3,112892333,ventricular zone of r2F,,,12,17091,ventricular zone of r2F,11550,9,/15564/15565/16808/16809/17023/17091/112892333/,1996150335,8390
200,Dgv,,E58724,10,False,734881840,17,265,3,15820,ventricular zone of Dg,,,12,15819,ventricular zone of Dg,10165,9,/15564/15565/15566/15567/15738/15739/15750/15751/15818/15819/15820/,3152079662,8390
201,r6BMv,,4A93CC,7,False,734881840,17,1982,3,17339,ventricular zone of r6BM,,,12,17338,ventricular zone of r6BM,11882,9,/15564/15565/16808/17220/17290/17318/17338/17339/,253388947,8390
202,r4BLv,,7E4FCC,7,False,734881840,17,1785,3,17184,ventricular zone of r4BL,,,12,17183,ventricular zone of r4BL,11685,9,/15564/15565/16808/17092/17156/17182/17183/17184/,2073660523,8390
203,ADgm,,EAB442,10,False,734881840,17,333,3,15888,mantle zone of ADg,,,12,15886,mantle zone of ADg,10233,9,/15564/15565/15566/15567/15738/15739/15750/15751/15867/15886/15888/,957459783,8390
204,r10BLv,,74AE99,7,False,734881840,17,2285,3,17564,ventricular zone of r10BL,,,12,17563,ventricular zone of r10BL,12185,9,/15564/15565/16808/17352/17538/17562/17563/17564/,2304484072,8390
205,TSPaAm,,B0754D,8,False,734881840,17,93,3,15655,mantle zone of TSPaA,,,12,15653,mantle zone of TSPaA,9993,9,/15564/15565/15566/15567/15568/15622/15623/15653/15655/,1867612760,8390
206,r1BLv,,BE4ACC,7,False,734881840,17,1499,3,16969,ventricular zone of r1BL,,,12,16968,ventricular zone of r1BL,11399,9,/15564/15565/16808/16809/16915/16967/16968/16969/,2102546048,8390
207,m1Limv,,17B317,8,False,734881840,17,1205,3,16718,ventricular zone of m1Lim,,,12,16717,ventricular zone of m1Lim,11105,9,/15564/15565/16649/16650/16651/16658/16716/16717/16718/,203022008,8390
208,r10Limv,,91D9BF,7,False,734881840,17,2272,3,17557,ventricular zone of r10Lim,,,12,17556,ventricular zone of r10Lim,12172,9,/15564/15565/16808/17352/17538/17540/17556/17557/,2905882221,8390
209,TelHm,,B7544C,8,False,734881840,17,672,3,16207,mantle zone of TelH,,,12,16205,mantle zone of TelH,10572,9,/15564/15565/15566/15567/15738/15739/15750/16205/16207/,4281905408,8390
210,r7Vev,,12D9B9,7,False,734881840,17,2015,3,17362,ventricular zone of r7Ve,,,12,17361,ventricular zone of r7Ve,11915,9,/15564/15565/16808/17352/17353/17355/17361/17362/,365133067,8390
211,m2Limm,,61E361,8,False,734881840,17,1278,3,16783,mantle zone of m2Lim,,,12,16781,mantle zone of m2Lim,11178,9,/15564/15565/16649/16751/16752/16754/16780/16781/16783/,2949084214,8390
212,p2Chv,,FFF189,8,False,734881840,17,848,3,111220584,ventricular zone of p2Ch,,,12,16378,ventricular zone of p2Ch,10748,9,/15564/15565/15566/16308/16375/16376/16377/16378/111220584/,4026920386,8390
213,r4Av,,9E63FF,6,False,734881840,17,1744,3,111220710,ventricular zone of r4A,,,12,17158,ventricular zone of r4A,11644,9,/15564/15565/16808/17092/17156/17158/111220710/,3200574490,8390
214,r3Av,,9442FF,6,False,734881840,17,1659,3,111220678,ventricular zone of r3A,,,12,17095,ventricular zone of r3A,11559,9,/15564/15565/16808/17092/17093/17095/111220678/,4052054749,8390
215,PBv,,EA37FF,8,False,734881840,17,1354,3,16845,ventricular zone of the PBC,,,12,16844,ventricular zone of the PBC,11254,9,/15564/15565/16808/16809/16810/16813/16843/16844/16845/,4270674955,8390
216,r7Bm,,10C3A7,6,False,734881840,17,2044,3,111220836,mantle zone of r7B,,,12,17380,mantle zone of r7B,11944,9,/15564/15565/16808/17352/17353/17380/111220836/,1344932092,8390
217,isLimv,,EA37FF,8,False,734881840,17,1375,3,16866,ventricular zone of isLim,,,12,16865,ventricular zone of isLim,11275,9,/15564/15565/16808/16809/16810/16813/16864/16865/16866/,3364153550,8390
218,PcPv,,FFE524,8,False,734881840,17,996,3,111220596,ventricular zone of PcP,,,12,16520,ventricular zone of PcP,10896,9,/15564/15565/15566/16308/16509/16510/16519/16520/111220596/,440901109,8390
219,Sv,,FF4865,10,False,734881840,17,620,3,16164,ventricular zone of S,,,12,16163,ventricular zone of S,10520,9,/15564/15565/15566/15567/15738/15739/15750/15903/16114/16163/16164/,1729484851,8390
220,DTThm,,FFF189,9,False,734881840,17,871,3,16398,mantle zone of DTTh,,,12,16396,mantle zone of DTTh,10771,9,/15564/15565/15566/16308/16375/16376/16382/16395/16396/16398/,2793010443,8390
221,r11BIv,,89AE99,7,False,734881840,17,2369,3,17630,ventricular zone of r11BI,,,12,17629,ventricular zone of r11BI,12269,9,/15564/15565/16808/17352/17596/17620/17629/17630/,4176690256,8390
222,r6Com,,7CC6FF,7,False,734881840,17,1924,3,17295,mantle zone of r6Co,,,12,17293,mantle zone of r6Co,11824,9,/15564/15565/16808/17220/17290/17292/17293/17295/,2743950349,8390
223,ZICv,,FFF4A4,9,False,734881840,17,813,3,16344,ventricular zone of ZIC,,,12,16343,ventricular zone of ZIC,10713,9,/15564/15565/15566/16308/16309/16310/16313/16332/16343/16344/,4228224469,8390
224,r2Bm,,D673E6,6,False,734881840,17,1609,3,111220676,mantle zone of r2B,,,12,17053,mantle zone of r2B,11509,9,/15564/15565/16808/16809/17023/17053/111220676/,761134265,8390
225,r2Fm,,CA6DD9,6,False,734881840,17,1651,3,112892335,mantle zone of r2F,,,12,17091,mantle zone of r2F,11551,9,/15564/15565/16808/16809/17023/17091/112892335/,707803296,8390
226,PSPam,,E4866F,8,False,734881840,17,700,3,16235,mantle zone of PSPa,,,12,16233,mantle zone of PSPa,10600,9,/15564/15565/15566/15567/15738/16211/16212/16233/16235/,1643994854,8390
227,Palm,,EA9E4E,10,False,734881840,17,281,3,15836,mantle zone of Pal,,,12,15834,mantle zone of Pal,10181,9,/15564/15565/15566/15567/15738/15739/15750/15751/15818/15834/15836/,1540648303,8390
228,Palv,,E58724,10,False,734881840,17,280,3,15835,ventricular zone of Pal,,,12,15834,ventricular zone of Pal,10180,9,/15564/15565/15566/15567/15738/15739/15750/15751/15818/15834/15835/,119440368,8390
229,r5Trm,,5DB8FF,7,False,734881840,17,1850,3,17237,mantle zone of r5Tr,,,12,17235,mantle zone of r5Tr,11750,9,/15564/15565/16808/17220/17221/17223/17235/17237/,3343780379,8390
230,r5Am,,5DB8FF,6,False,734881840,17,1830,3,111220744,mantle zone of r5A,,,12,17223,mantle zone of r5A,11730,9,/15564/15565/16808/17220/17221/17223/111220744/,4212472772,8390
231,IGm,,FF5974,10,False,734881840,17,605,3,16149,mantle zone of the IG,,,12,16147,mantle zone of the IG,10505,9,/15564/15565/15566/15567/15738/15739/15750/15903/16114/16147/16149/,4031535671,8390
232,CCv,,F2193C,10,False,734881840,17,525,3,16073,ventricular zone of CCx,,,12,16072,ventricular zone of CCx,10425,9,/15564/15565/15566/15567/15738/15739/15750/15903/16001/16072/16073/,2752908420,8390
233,r4Bv,,7E4FCC,6,False,734881840,17,1782,3,111220738,ventricular zone of r4B,,,12,17182,ventricular zone of r4B,11682,9,/15564/15565/16808/17092/17156/17182/111220738/,667792800,8390
234,p3Bv,,CCC383,7,False,734881840,17,822,3,16354,ventricular zone of p3B,,,12,16353,ventricular zone of p3B,10722,9,/15564/15565/15566/16308/16309/16352/16353/16354/,1795749641,8390
235,CoPDm,,F4E35F,9,False,734881840,17,1062,3,16581,mantle zone of CoPD,,,12,16579,mantle zone of CoPD,10962,9,/15564/15565/15566/16308/16509/16510/16519/16578/16579/16581/,1160015396,8390
236,SpBMv,,D4CCC0,5,False,734881840,17,2476,3,17726,ventricular zone of SpBM,,,12,17725,ventricular zone of SpBM,12376,9,/15564/15565/17651/17692/17725/17726/,1669550522,8390
237,OBv,,DA4335,10,False,734881840,17,353,3,15906,ventricular zone of OB,,,12,15905,ventricular zone of OB,10253,9,/15564/15565/15566/15567/15738/15739/15750/15903/15904/15905/15906/,319874722,8390
238,r7Fv,,098F7A,6,False,734881840,17,2080,3,112892383,ventricular zone of r7F,,,12,17415,ventricular zone of r7F,11980,9,/15564/15565/16808/17352/17353/17415/112892383/,193798778,8390
239,PrSm,,FF5974,10,False,734881840,17,629,3,16174,mantle zone of PrS,,,12,16172,mantle zone of PrS,10529,9,/15564/15565/15566/15567/15738/15739/15750/15903/16114/16172/16174/,2354905536,8390
240,SePallv,,C87C2C,9,False,734881840,17,664,3,16199,ventricular zone of SePall,,,12,16198,ventricular zone of SePall,10564,9,/15564/15565/15566/15567/15738/15739/15750/15903/16198/16199/,2912184214,8390
241,CoPLm,,F4E35F,9,False,734881840,17,1074,3,16593,mantle zone of CoPL,,,12,16591,mantle zone of CoPL,10974,9,/15564/15565/15566/16308/16509/16510/16519/16578/16591/16593/,1275061782,8390
242,r5Limm,,5DB8FF,7,False,734881840,17,1860,3,17244,mantle zone of r5Lim,,,12,17242,mantle zone of r5Lim,11760,9,/15564/15565/16808/17220/17221/17223/17242/17244/,3500166364,8390
243,isBm,,D332E6,6,False,734881840,17,1388,3,111220618,mantle zone of isB,,,12,16876,mantle zone of isB,11288,9,/15564/15565/16808/16809/16810/16876/111220618/,3561803372,8390
244,r6Fm,,4A93CC,6,False,734881840,17,1996,3,112892375,mantle zone of r6F,,,12,17351,mantle zone of r6F,11896,9,/15564/15565/16808/17220/17290/17351/112892375/,1314717092,8390
245,PThEv,,FFF4A4,9,False,734881840,17,783,3,16316,ventricular zone of PThE,,,12,16315,ventricular zone of PThE,10683,9,/15564/15565/15566/16308/16309/16310/16313/16314/16315/16316/,801264754,8390
246,TTev,,FF4865,10,False,734881840,17,611,3,16155,ventricular zone of TTe,,,12,16154,ventricular zone of TTe,10511,9,/15564/15565/15566/15567/15738/15739/15750/15903/16114/16154/16155/,3690615102,8390
247,m1Bv,,128F12,6,False,734881840,17,1214,3,16727,ventricular zone of m1B,,,12,16726,ventricular zone of m1B,11114,9,/15564/15565/16649/16650/16725/16726/16727/,1304470952,8390
248,r1Bm,,D654E6,6,False,734881840,17,1497,3,111220644,mantle zone of r1B,,,12,16967,mantle zone of r1B,11397,9,/15564/15565/16808/16809/16915/16967/111220644/,108048250,8390
249,SpAMv,,EBE3D5,5,False,734881840,17,2403,3,17655,ventricular zone of the SpAM,,,12,17654,ventricular zone of the SpAM,12303,9,/15564/15565/17651/17653/17654/17655/,1244625646,8390
250,Strm,,EA9E4E,10,False,734881840,17,298,3,15853,mantle zone of Str,,,12,15851,mantle zone of Str,10198,9,/15564/15565/15566/15567/15738/15739/15750/15751/15818/15851/15853/,2485651521,8390
251,p2AAVv,,FFED64,8,False,734881840,17,940,3,111220592,ventricular zone of p2AAV,,,12,16466,ventricular zone of p2AAV,10840,9,/15564/15565/15566/16308/16375/16376/16382/16466/111220592/,1649604280,8390
252,r10Fv,,578474,6,False,734881840,17,2317,3,112892419,ventricular zone of r10F,,,12,17595,ventricular zone of r10F,12217,9,/15564/15565/16808/17352/17538/17595/112892419/,2156838122,8390
253,AHyv,,E6A723,10,False,734881840,17,339,3,15894,ventricular zone of AHy,,,12,15893,ventricular zone of AHy,10239,9,/15564/15565/15566/15567/15738/15739/15750/15751/15867/15893/15894/,862007735,8390
254,r7Trm,,56E4CD,7,False,734881840,17,2024,3,17368,mantle zone of r7Tr,,,12,17366,mantle zone of r7Tr,11924,9,/15564/15565/16808/17352/17353/17355/17366/17368/,3301629557,8390
255,r4Limv,,9E63FF,7,False,734881840,17,1773,3,17177,ventricular zone of r4Lim,,,12,17176,ventricular zone of r4Lim,11673,9,/15564/15565/16808/17092/17156/17158/17176/17177/,3648466649,8390
256,TelHv,,AB382E,8,False,734881840,17,671,3,16206,ventricular zone of TelH,,,12,16205,ventricular zone of TelH,10571,9,/15564/15565/15566/15567/15738/15739/15750/16205/16206/,2681533755,8390
257,SePalv,,F37321,10,False,734881840,17,238,3,15798,ventricular zone of SePal,,,12,15797,ventricular zone of SePal,10138,9,/15564/15565/15566/15567/15738/15739/15750/15751/15784/15797/15798/,4236615712,8390
258,VTThv,,FFED64,9,False,734881840,17,927,3,16454,ventricular zone of VTTh,,,12,16453,ventricular zone of VTTh,10827,9,/15564/15565/15566/16308/16375/16376/16382/16395/16453/16454/,1015361060,8390
259,m1ALm,,4EC54E,7,False,734881840,17,1192,3,16705,mantle zone of m1AL,,,12,16703,mantle zone of m1AL,11092,9,/15564/15565/16649/16650/16651/16658/16703/16705/,1055465137,8390
260,SpAVv,,EBE3D5,5,False,734881840,17,2426,3,17678,ventricular zone of the SpAV,,,12,17677,ventricular zone of the SpAV,12326,9,/15564/15565/17651/17653/17677/17678/,3226120962,8390
261,THyB-Vm,,975C34,8,False,734881840,17,143,3,15705,mantle zone of THyB-V,,,12,15702,mantle zone of THyB-V,10043,9,/15564/15565/15566/15567/15568/15622/15666/15702/15705/,211552573,8390
262,Istm,,F070FF,8,False,734881840,17,1365,3,16856,mantle zone of Ist,,,12,16854,mantle zone of Ist,11265,9,/15564/15565/16808/16809/16810/16813/16843/16854/16856/,599465237,8390
263,r7BLm,,10C3A7,7,False,734881840,17,2047,3,17383,mantle zone of r7BL,,,12,17381,mantle zone of r7BL,11947,9,/15564/15565/16808/17352/17353/17380/17381/17383/,422802953,8390
264,r7Fm,,0EAE94,6,False,734881840,17,2081,3,112892385,mantle zone of r7F,,,12,17415,mantle zone of r7F,11981,9,/15564/15565/16808/17352/17353/17415/112892385/,1464323301,8390
265,r6Cov,,5DB8FF,7,False,734881840,17,1923,3,17294,ventricular zone of r6Co,,,12,17293,ventricular zone of r6Co,11823,9,/15564/15565/16808/17220/17290/17292/17293/17294/,3277920310,8390
266,ITThv,,FFED64,9,False,734881840,17,911,3,16438,ventricular zone of ITTh,,,12,16437,ventricular zone of ITTh,10811,9,/15564/15565/15566/16308/16375/16376/16382/16395/16437/16438/,889154029,8390
267,m2Fv,,3F943F,6,False,734881840,17,1301,3,112892299,ventricular zone of m2F,,,12,16805,ventricular zone of m2F,11201,9,/15564/15565/16649/16751/16790/16805/112892299/,1635791474,8390
268,r10Vev,,91D9BF,7,False,734881840,17,2251,3,17542,ventricular zone of r10Ve,,,12,17541,ventricular zone of r10Ve,12151,9,/15564/15565/16808/17352/17538/17540/17541/17542/,3846696401,8390
269,CoPLv,,FFE524,9,False,734881840,17,1073,3,16592,ventricular zone of CoPL,,,12,16591,ventricular zone of CoPL,10973,9,/15564/15565/15566/16308/16509/16510/16519/16578/16591/16592/,722706989,8390
270,InsCm,,F32F4F,10,False,734881840,17,512,3,16060,mantle zone of InsCx,,,12,16058,mantle zone of InsCx,10412,9,/15564/15565/15566/15567/15738/15739/15750/15903/16001/16058/16060/,937215878,8390
271,r8BIm,,47C3AC,7,False,734881840,17,2134,3,17451,mantle zone of r8BI,,,12,17449,mantle zone of r8BI,12034,9,/15564/15565/16808/17352/17416/17437/17449/17451/,1644545467,8390
272,r7Vem,,56E4CD,7,False,734881840,17,2016,3,17363,mantle zone of r7Ve,,,12,17361,mantle zone of r7Ve,11916,9,/15564/15565/16808/17352/17353/17355/17361/17363/,1966029104,8390
273,r11Limv,,BFD9BF,7,False,734881840,17,2347,3,17613,ventricular zone of r11Lim,,,12,17612,ventricular zone of r11Lim,12247,9,/15564/15565/16808/17352/17596/17598/17612/17613/,361257224,8390
274,SPallv,,F37321,8,False,734881840,17,190,3,111220534,ventricular zone of SPall,,,12,15751,ventricular zone of SPall,10090,9,/15564/15565/15566/15567/15738/15739/15750/15751/111220534/,2876725593,8390
275,r9Trm,,96E2CE,7,False,734881840,17,2180,3,17487,mantle zone of r9Tr,,,12,17485,mantle zone of r9Tr,12080,9,/15564/15565/16808/17352/17476/17478/17485/17487/,3461673855,8390
276,SePallm,,D08F4A,9,False,734881840,17,665,3,16200,mantle zone of SePall,,,12,16198,mantle zone of SePall,10565,9,/15564/15565/15566/15567/15738/15739/15750/15903/16198/16200/,3768020427,8390
277,JcPDv,,FFE524,9,False,734881840,17,1029,3,16550,ventricular zone of JcPD,,,12,16549,ventricular zone of JcPD,10929,9,/15564/15565/15566/16308/16509/16510/16519/16548/16549/16550/,1373281521,8390
278,AOBm,,F37441,10,False,734881840,17,406,3,15959,mantle zone of AOB,,,12,15957,mantle zone of AOB,10306,9,/15564/15565/15566/15567/15738/15739/15750/15903/15956/15957/15959/,2447483083,8390
279,r2Limv,,EE80FF,7,False,734881840,17,1594,3,17043,ventricular zone of r2Lim,,,12,17042,ventricular zone of r2Lim,11494,9,/15564/15565/16808/16809/17023/17025/17042/17043/,4229722373,8390
280,CbVm,,F070FF,7,False,734881840,17,1322,3,16818,mantle zone of cerebellar vermis,,,12,16814,mantle zone of cerebellar vermis,11222,9,/15564/15565/16808/16809/16810/16813/16814/16818/,201723462,8390
281,isADLm,,F070FF,7,False,734881840,17,1349,3,111220614,mantle zone of isADL,,,12,16843,mantle zone of isADL,11249,9,/15564/15565/16808/16809/16810/16813/16843/111220614/,494154828,8390
282,r4Fm,,7E4FCC,6,False,734881840,17,1821,3,112892355,mantle zone of r4F,,,12,17219,mantle zone of r4F,11721,9,/15564/15565/16808/17092/17156/17219/112892355/,2087362342,8390
283,m2Bv,,00A700,6,False,734881840,17,1287,3,16792,ventricular zone of m2B,,,12,16791,ventricular zone of m2B,11187,9,/15564/15565/16649/16751/16790/16791/16792/,1726871147,8390
284,THyB-Pv,,86522E,8,False,734881840,17,151,3,15713,ventricular zone of THyB-P,,,12,15712,ventricular zone of THyB-P,10051,9,/15564/15565/15566/15567/15568/15622/15666/15712/15713/,2835129941,8390
285,AOBv,,E76E3E,10,False,734881840,17,405,3,15958,ventricular zone of AOB,,,12,15957,ventricular zone of AOB,10305,9,/15564/15565/15566/15567/15738/15739/15750/15903/15956/15957/15958/,3442167380,8390
286,r7Limv,,12D9B9,7,False,734881840,17,2033,3,17374,ventricular zone of r7Lim,,,12,17373,ventricular zone of r7Lim,11933,9,/15564/15565/16808/17352/17353/17355/17373/17374/,3418521911,8390
287,PBm,,F070FF,8,False,734881840,17,1355,3,16846,mantle zone of the PBC,,,12,16844,mantle zone of the PBC,11255,9,/15564/15565/16808/16809/16810/16813/16843/16844/16846/,3944381000,8390
288,ERv,,F2193C,10,False,734881840,17,555,3,16103,ventricular zone of ERCx,,,12,16102,ventricular zone of ERCx,10455,9,/15564/15565/15566/15567/15738/15739/15750/15903/16001/16102/16103/,1653620245,8390
289,r6BIm,,54A6E6,7,False,734881840,17,1973,3,17330,mantle zone of r6BI,,,12,17328,mantle zone of r6BI,11873,9,/15564/15565/16808/17220/17290/17318/17328/17330/,1755048113,8390
290,r7BMv,,0EAE94,7,False,734881840,17,2065,3,17401,ventricular zone of r7BM,,,12,17400,ventricular zone of r7BM,11965,9,/15564/15565/16808/17352/17353/17380/17400/17401/,249037476,8390
291,LTerv,,A84D10,9,False,734881840,17,17,3,15579,ventricular zone of LTer,,,12,15578,ventricular zone of LTer,9917,9,/15564/15565/15566/15567/15568/15569/15576/15577/15578/15579/,941516567,8390
292,r5Limv,,37A7FF,7,False,734881840,17,1859,3,17243,ventricular zone of r5Lim,,,12,17242,ventricular zone of r5Lim,11759,9,/15564/15565/16808/17220/17221/17223/17242/17243/,1640712636,8390
293,Istv,,EA37FF,8,False,734881840,17,1364,3,16855,ventricular zone of Ist,,,12,16854,ventricular zone of Ist,11264,9,/15564/15565/16808/16809/16810/16813/16843/16854/16855/,2138174346,8390
294,OCm,,F32F4F,10,False,734881840,17,484,3,16032,mantle zone of OCx,,,12,16030,mantle zone of OCx,10384,9,/15564/15565/15566/15567/15738/15739/15750/15903/16001/16030/16032/,4056292223,8390
295,SpFv,,D4CCC0,4,False,734881840,17,2485,3,112892439,ventricular zone of SpF,,,12,17734,ventricular zone of SpF,12385,9,/15564/15565/17651/17734/112892439/,2369443695,8390
296,r8Bm,,47C3AC,6,False,734881840,17,2120,3,111220862,mantle zone of r8B,,,12,17437,mantle zone of r8B,12020,9,/15564/15565/16808/17352/17416/17437/111220862/,3618772019,8390
297,JcPLm,,F4E35F,9,False,734881840,17,1040,3,16561,mantle zone of JcPL,,,12,16559,mantle zone of JcPL,10940,9,/15564/15565/15566/16308/16509/16510/16519/16548/16559/16561/,1072517368,8390
298,Strv,,E58724,10,False,734881840,17,297,3,15852,ventricular zone of Str,,,12,15851,ventricular zone of Str,10197,9,/15564/15565/15566/15567/15738/15739/15750/15751/15818/15851/15852/,3370313438,8390
299,PcPDv,,FFE524,9,False,734881840,17,999,3,16522,ventricular zone of PcPD,,,12,16521,ventricular zone of PcPD,10899,9,/15564/15565/15566/16308/16509/16510/16519/16520/16521/16522/,1853762314,8390
300,r8BLv,,3FAE99,7,False,734881840,17,2122,3,17439,ventricular zone of r8BL,,,12,17438,ventricular zone of r8BL,12022,9,/15564/15565/16808/17352/17416/17437/17438/17439/,1921217807,8390
301,JcPv,,FFE524,8,False,734881840,17,1026,3,111220600,ventricular zone of JcP,,,12,16548,ventricular zone of JcP,10926,9,/15564/15565/15566/16308/16509/16510/16519/16548/111220600/,200719187,8390
302,PHyB-Vm,,C9674E,8,False,734881840,17,742,3,16277,mantle zone of PHyB-V,,,12,16274,mantle zone of PHyB-V,10642,9,/15564/15565/15566/15567/15738/16211/16247/16274/16277/,2534230827,8390
303,isBMv,,BB2CCC,8,False,734881840,17,1410,3,16898,ventricular zone of isBM,,,12,16897,ventricular zone of isBM,11310,9,/15564/15565/16808/16809/16810/16876/16877/16897/16898/,4266915622,8390
304,isFm,,BB2CCC,6,False,734881840,17,1425,3,16913,mantle zone of isF,,,12,16911,mantle zone of isF,11325,9,/15564/15565/16808/16809/16810/16911/16913/,3542157941,8390
305,r2BLm,,D673E6,7,False,734881840,17,1612,3,17056,mantle zone of r2BL,,,12,17054,mantle zone of r2BL,11512,9,/15564/15565/16808/16809/17023/17053/17054/17056/,536392930,8390
306,PcPLv,,FFE524,9,False,734881840,17,1008,3,16531,ventricular zone of PcPL,,,12,16530,ventricular zone of PcPL,10908,9,/15564/15565/15566/16308/16509/16510/16519/16520/16530/16531/,1621467960,8390
307,m2Rv,,61E361,6,False,734881840,17,1242,3,112892285,ventricular zone of m2R,,,12,16753,ventricular zone of m2R,11142,9,/15564/15565/16649/16751/16752/16753/112892285/,2069554703,8390
308,r4Fv,,674998,6,False,734881840,17,1820,3,112892353,ventricular zone of r4F,,,12,17219,ventricular zone of r4F,11720,9,/15564/15565/16808/17092/17156/17219/112892353/,547385785,8390
309,isRm,,F38BFF,6,False,734881840,17,1313,3,114403715,mantle zone of isR,,,12,16811,mantle zone of isR,11213,9,/15564/15565/16808/16809/16810/16811/114403715/,3388726792,8390
310,RtCm,,FFF7BD,9,False,734881840,17,792,3,16325,mantle zone of RtC,,,12,16323,mantle zone of RtC,10692,9,/15564/15565/15566/16308/16309/16310/16313/16322/16323/16325/,3291767372,8390
311,PcPVv,,FFE524,9,False,734881840,17,1017,3,16540,ventricular zone of PcPV,,,12,16539,ventricular zone of PcPV,10917,9,/15564/15565/15566/16308/16509/16510/16519/16520/16539/16540/,2647087682,8390
312,r2Vev,,EE80FF,7,False,734881840,17,1577,3,17032,ventricular zone of r2Ve,,,12,17031,ventricular zone of r2Ve,11477,9,/15564/15565/16808/16809/17023/17025/17031/17032/,319340512,8390
313,r3Bv,,7635CC,6,False,734881840,17,1698,3,111220706,ventricular zone of r3B,,,12,17123,ventricular zone of r3B,11598,9,/15564/15565/16808/17092/17093/17123/111220706/,1754014567,8390
314,r9BMm,,69C3AC,7,False,734881840,17,2227,3,17525,mantle zone of r9BM,,,12,17523,mantle zone of r9BM,12127,9,/15564/15565/16808/17352/17476/17500/17523/17525/,1688890261,8390
315,JcPVv,,FFE524,9,False,734881840,17,1049,3,16570,ventricular zone of JcPV,,,12,16569,ventricular zone of JcPV,10949,9,/15564/15565/15566/16308/16509/16510/16519/16548/16569/16570/,2724457913,8390
316,r5Cov,,37A7FF,7,False,734881840,17,1832,3,17225,ventricular zone of r5Co,,,12,17224,ventricular zone of r5Co,11732,9,/15564/15565/16808/17220/17221/17223/17224/17225/,3240601199,8390
317,r5Fm,,2C86CC,6,False,734881840,17,1913,3,112892365,mantle zone of r5F,,,12,17289,mantle zone of r5F,11813,9,/15564/15565/16808/17220/17221/17289/112892365/,1701949031,8390
318,Mamm,,975C34,9,False,734881840,17,163,3,15725,mantle zone of Mam,,,12,15723,mantle zone of Mam,10063,9,/15564/15565/15566/15567/15568/15622/15666/15722/15723/15725/,942501338,8390
319,CCm,,F32F4F,10,False,734881840,17,526,3,16074,mantle zone of CCx,,,12,16072,mantle zone of CCx,10426,9,/15564/15565/15566/15567/15738/15739/15750/15903/16001/16072/16074/,4175225371,8390
320,r11Fm,,89AE99,6,False,734881840,17,2393,3,112892431,mantle zone of r11F,,,12,17650,mantle zone of r11F,12293,9,/15564/15565/16808/17352/17596/17650/112892431/,4185508240,8390
321,SpBv,,D4CCC0,4,False,734881840,17,2441,3,111220946,ventricular zone of SpB,,,12,17692,ventricular zone of SpB,12341,9,/15564/15565/17651/17692/111220946/,2320962422,8390
322,r11BMm,,9AC3AC,7,False,734881840,17,2379,3,17640,mantle zone of r11BM,,,12,17638,mantle zone of r11BM,12279,9,/15564/15565/16808/17352/17596/17620/17638/17640/,1324743977,8390
323,r5Av,,37A7FF,6,False,734881840,17,1829,3,111220742,ventricular zone of r5A,,,12,17223,ventricular zone of r5A,11729,9,/15564/15565/16808/17220/17221/17223/111220742/,2816464219,8390
324,PHyB-Iv,,B25B46,8,False,734881840,17,725,3,16260,ventricular zone of PHyB-I,,,12,16259,ventricular zone of PHyB-I,10625,9,/15564/15565/15566/15567/15738/16211/16247/16259/16260/,1460030595,8390
325,PComv,,F4E35F,8,False,734881840,17,988,3,16513,ventricular zone of PCom,,,12,16512,ventricular zone of PCom,10888,9,/15564/15565/15566/16308/16509/16510/16511/16512/16513/,1281351610,8390
326,r6Bv,,4A93CC,6,False,734881840,17,1960,3,111220802,ventricular zone of r6B,,,12,17318,ventricular zone of r6B,11860,9,/15564/15565/16808/17220/17290/17318/111220802/,368826146,8390
327,SpBm,,D4CCC0,4,False,734881840,17,2442,3,111220948,mantle zone of SpB,,,12,17692,mantle zone of SpB,12342,9,/15564/15565/17651/17692/111220948/,3600678377,8390
328,THyB-Im,,975C34,8,False,734881840,17,124,3,15686,mantle zone of THyB-I,,,12,15684,mantle zone of THyB-I,10024,9,/15564/15565/15566/15567/15568/15622/15666/15684/15686/,2173961416,8390
329,ITThm,,FFF189,9,False,734881840,17,912,3,16439,mantle zone of ITTh,,,12,16437,mantle zone of ITTh,10812,9,/15564/15565/15566/16308/16375/16376/16382/16395/16437/16439/,1410543062,8390
330,r2BMv,,CA6DD9,7,False,734881840,17,1638,3,17080,ventricular zone of r2BM,,,12,17079,ventricular zone of r2BM,11538,9,/15564/15565/16808/16809/17023/17053/17079/17080/,135512143,8390
331,r9Am,,96E2CE,6,False,734881840,17,2168,3,111220866,mantle zone of r9A,,,12,17478,mantle zone of r9A,12068,9,/15564/15565/16808/17352/17476/17478/111220866/,1470133448,8390
332,r4Com,,AC79FF,7,False,734881840,17,1748,3,17161,mantle zone of r4Co,,,12,17159,mantle zone of r4Co,11648,9,/15564/15565/16808/17092/17156/17158/17159/17161/,2684979299,8390
333,r4Trv,,9E63FF,7,False,734881840,17,1764,3,17171,ventricular zone of r4Tr,,,12,17170,ventricular zone of r4Tr,11664,9,/15564/15565/16808/17092/17156/17158/17170/17171/,2791318551,8390
334,JcPLv,,FFE524,9,False,734881840,17,1039,3,16560,ventricular zone of JcPL,,,12,16559,ventricular zone of JcPL,10939,9,/15564/15565/15566/16308/16509/16510/16519/16548/16559/16560/,1593906371,8390
335,r2Trm,,F29EFF,7,False,734881840,17,1586,3,17038,mantle zone of r2Tr,,,12,17036,mantle zone of r2Tr,11486,9,/15564/15565/16808/16809/17023/17025/17036/17038/,3254852766,8390
336,r10BIv,,74AE99,7,False,734881840,17,2293,3,17572,ventricular zone of r10BI,,,12,17571,ventricular zone of r10BI,12193,9,/15564/15565/16808/17352/17538/17562/17571/17572/,4180760167,8390
337,JcPDm,,F4E35F,9,False,734881840,17,1030,3,16551,mantle zone of JcPD,,,12,16549,mantle zone of JcPD,10930,9,/15564/15565/15566/16308/16509/16510/16519/16548/16549/16551/,825678026,8390
338,r9BLv,,5EAE99,7,False,734881840,17,2204,3,17502,ventricular zone of r9BL,,,12,17501,ventricular zone of r9BL,12104,9,/15564/15565/16808/17352/17476/17500/17501/17502/,1933647672,8390
339,r8Limv,,4FD9BF,7,False,734881840,17,2109,3,17432,ventricular zone of r8Lim,,,12,17431,ventricular zone of r8Lim,12009,9,/15564/15565/16808/17352/17416/17418/17431/17432/,2476839265,8390
340,m1ADm,,4EC54E,7,False,734881840,17,1147,3,16661,mantle zone of m1AD,,,12,16659,mantle zone of m1AD,11047,9,/15564/15565/16649/16650/16651/16658/16659/16661/,808621699,8390
341,r4BMm,,8E59E6,7,False,734881840,17,1809,3,17209,mantle zone of r4BM,,,12,17207,mantle zone of r4BM,11709,9,/15564/15565/16808/17092/17156/17182/17207/17209/,1819474118,8390
342,r3Vev,,9442FF,7,False,734881840,17,1670,3,17102,ventricular zone of r3Ve,,,12,17101,ventricular zone of r3Ve,11570,9,/15564/15565/16808/17092/17093/17095/17101/17102/,315282903,8390
343,r11Trm,,BBE0CB,7,False,734881840,17,2336,3,17605,mantle zone of r11Tr,,,12,17603,mantle zone of r11Tr,12236,9,/15564/15565/16808/17352/17596/17598/17603/17605/,3825952195,8390
344,p1Limm,,F4E35F,9,False,734881840,17,1098,3,16615,mantle zone of p1Lim,,,12,16613,mantle zone of p1Lim,10998,9,/15564/15565/15566/16308/16509/16510/16519/16612/16613/16615/,620923115,8390
345,SpALv,,EBE3D5,5,False,734881840,17,2415,3,17667,ventricular zone of the SpAL,,,12,17666,ventricular zone of the SpAL,12315,9,/15564/15565/17651/17653/17666/17667/,1026050680,8390
346,FCv,,F2193C,10,False,734881840,17,455,3,16003,ventricular zone of FCx,,,12,16002,ventricular zone of FCx,10355,9,/15564/15565/15566/15567/15738/15739/15750/15903/16001/16002/16003/,2732445295,8390
347,r2Cov,,EE80FF,7,False,734881840,17,1569,3,17027,ventricular zone of r2Co,,,12,17026,ventricular zone of r2Co,11469,9,/15564/15565/16808/16809/17023/17025/17026/17027/,3295195370,8390
348,p3APVv,,FFF4A4,8,False,734881840,17,800,3,111220580,ventricular zone of p3APV,,,12,16332,ventricular zone of p3APV,10700,9,/15564/15565/15566/16308/16309/16310/16313/16332/111220580/,2302128845,8390
349,TPaAm,,B0754D,8,False,734881840,17,64,3,15626,mantle zone of TPaA,,,12,15624,mantle zone of TPaA,9964,9,/15564/15565/15566/15567/15568/15622/15623/15624/15626/,300568722,8390
350,PO2m,,B46632,9,False,734881840,17,39,3,15601,mantle zone of PO2,,,12,15599,mantle zone of PO2,9939,9,/15564/15565/15566/15567/15568/15569/15576/15577/15599/15601/,3690993840,8390
351,r1BIm,,D654E6,7,False,734881840,17,1517,3,16986,mantle zone of r1BI,,,12,16984,mantle zone of r1BI,11417,9,/15564/15565/16808/16809/16915/16967/16984/16986/,1842675252,8390
352,r6BLm,,54A6E6,7,False,734881840,17,1964,3,17321,mantle zone of r6BL,,,12,17319,mantle zone of r6BL,11864,9,/15564/15565/16808/17220/17290/17318/17319/17321/,418454590,8390
353,r10Am,,A6E0CB,6,False,734881840,17,2249,3,111220892,mantle zone of r10A,,,12,17540,mantle zone of r10A,12149,9,/15564/15565/16808/17352/17538/17540/111220892/,2114350450,8390
354,Fcv,,FF4865,10,False,734881840,17,656,3,112892267,ventricular zone of the Fc,,,12,112892265,ventricular zone of the Fc,10556,9,/15564/15565/15566/15567/15738/15739/15750/15903/16114/112892265/112892267/,114600052,8390
355,StrSem,,FBB13B,10,False,734881840,17,216,3,15776,mantle zone of StrSe,,,12,15774,mantle zone of StrSe,10116,9,/15564/15565/15566/15567/15738/15739/15750/15751/15752/15774/15776/,170847201,8390
356,r1Limm,,F284FF,7,False,734881840,17,1486,3,16961,mantle zone of r1Lim,,,12,16959,mantle zone of r1Lim,11386,9,/15564/15565/16808/16809/16915/16919/16959/16961/,1606605707,8390
357,r3BLv,,7635CC,7,False,734881840,17,1701,3,17125,ventricular zone of r3BL,,,12,17124,ventricular zone of r3BL,11601,9,/15564/15565/16808/17092/17093/17123/17124/17125/,2127993582,8390
358,r5Vev,,37A7FF,7,False,734881840,17,1840,3,17230,ventricular zone of r5Ve,,,12,17229,ventricular zone of r5Ve,11740,9,/15564/15565/16808/17220/17221/17223/17229/17230/,373795173,8390
359,isBMm,,D332E6,8,False,734881840,17,1411,3,16899,mantle zone of isBM,,,12,16897,mantle zone of isBM,11311,9,/15564/15565/16808/16809/16810/16876/16877/16897/16899/,2663363357,8390
360,ENm,,B0754D,8,False,734881840,17,76,3,15638,mantle zone of neural retina,,,12,15636,mantle zone of neural retina,9976,9,/15564/15565/15566/15567/15568/15622/15623/15636/15638/,1645771811,8390
361,PcPVm,,F4E35F,9,False,734881840,17,1018,3,16541,mantle zone of PcPV,,,12,16539,mantle zone of PcPV,10918,9,/15564/15565/15566/16308/16509/16510/16519/16520/16539/16541/,4247461497,8390
362,r7BIm,,10C3A7,7,False,734881840,17,2056,3,17392,mantle zone of r7BI,,,12,17390,mantle zone of r7BI,11956,9,/15564/15565/16808/17352/17353/17380/17390/17392/,1767473798,8390
363,r9Vem,,96E2CE,7,False,734881840,17,2171,3,17481,mantle zone of r9Ve,,,12,17479,mantle zone of r9Ve,12071,9,/15564/15565/16808/17352/17476/17478/17479/17481/,2142311482,8390
364,r10Bm,,83C3AC,6,False,734881840,17,2283,3,111220914,mantle zone of r10B,,,12,17562,mantle zone of r10B,12183,9,/15564/15565/16808/17352/17538/17562/111220914/,3876535496,8390
365,r7Bv,,0EAE94,6,False,734881840,17,2043,3,111220834,ventricular zone of r7B,,,12,17380,ventricular zone of r7B,11943,9,/15564/15565/16808/17352/17353/17380/111220834/,216065635,8390
366,r3Trv,,9442FF,7,False,734881840,17,1679,3,17108,ventricular zone of r3Tr,,,12,17107,ventricular zone of r3Tr,11579,9,/15564/15565/16808/17092/17093/17095/17107/17108/,2737779346,8390
367,r1Am,,F284FF,6,False,734881840,17,1437,3,111220622,mantle zone of r1A,,,12,16919,mantle zone of r1A,11337,9,/15564/15565/16808/16809/16915/16919/111220622/,2675572416,8390
368,r2Bv,,CA6DD9,6,False,734881840,17,1608,3,111220674,ventricular zone of r2B,,,12,17053,ventricular zone of r2B,11508,9,/15564/15565/16808/16809/17023/17053/111220674/,1905725990,8390
369,PHyB-Dv,,B25B46,8,False,734881840,17,714,3,16249,ventricular zone of PHyB-D,,,12,16248,ventricular zone of PHyB-D,10614,9,/15564/15565/15566/15567/15738/16211/16247/16248/16249/,699871294,8390
370,CoPv,,FFE524,8,False,734881840,17,1058,3,111220604,ventricular zone of CoP,,,12,16578,ventricular zone of CoP,10958,9,/15564/15565/15566/16308/16509/16510/16519/16578/111220604/,2828193744,8390
371,r9Av,,75D9BF,6,False,734881840,17,2167,3,111220864,ventricular zone of r9A,,,12,17478,ventricular zone of r9A,12067,9,/15564/15565/16808/17352/17476/17478/111220864/,191535703,8390
372,r2BIv,,CA6DD9,7,False,734881840,17,1624,3,17067,ventricular zone of r2BI,,,12,17066,ventricular zone of r2BI,11524,9,/15564/15565/16808/16809/17023/17053/17066/17067/,259916886,8390
373,PComm,,FFEB73,8,False,734881840,17,990,3,16515,mantle zone of PCom,,,12,16512,mantle zone of PCom,10890,9,/15564/15565/15566/16308/16509/16510/16511/16512/16515/,749968257,8390
374,JcPVm,,F4E35F,9,False,734881840,17,1050,3,16571,mantle zone of JcPV,,,12,16569,mantle zone of JcPV,10950,9,/15564/15565/15566/16308/16509/16510/16519/16548/16569/16571/,3264194946,8390
375,Mamv,,86522E,9,False,734881840,17,162,3,15724,ventricular zone of Mam,,,12,15723,ventricular zone of Mam,10062,9,/15564/15565/15566/15567/15568/15622/15666/15722/15723/15724/,1692894021,8390
376,SeDgv,,F37321,10,False,734881840,17,226,3,15786,ventricular zone of SeDg,,,12,15785,ventricular zone of SeDg,10126,9,/15564/15565/15566/15567/15738/15739/15750/15751/15784/15785/15786/,4103036529,8390
377,TTem,,FF5974,10,False,734881840,17,612,3,16156,mantle zone of TTe,,,12,16154,mantle zone of TTe,10512,9,/15564/15565/15566/15567/15738/15739/15750/15903/16114/16154/16156/,2268118945,8390
378,SeStrm,,F5853A,10,False,734881840,17,251,3,15811,mantle zone of SeStr,,,12,15809,mantle zone of SeStr,10151,9,/15564/15565/15566/15567/15738/15739/15750/15751/15784/15809/15811/,2182266990,8390
379,RSComv,,C35C2E,8,False,734881840,17,8,3,15572,ventricular zone of RSCom,,,12,15571,ventricular zone of RSCom,9908,9,/15564/15565/15566/15567/15568/15569/15570/15571/15572/,3812699868,8390
380,ZICm,,FFF7BD,9,False,734881840,17,814,3,16345,mantle zone of ZIC,,,12,16343,mantle zone of ZIC,10714,9,/15564/15565/15566/16308/16309/16310/16313/16332/16343/16345/,2697952074,8390
381,p2Fv,,A69A41,7,False,734881840,17,978,3,16503,ventricular zone of p2F,,,12,16502,ventricular zone of p2F,10878,9,/15564/15565/15566/16308/16375/16486/16502/16503/,1971192401,8390
382,POv,,A84D10,8,False,734881840,17,14,3,111220530,ventricular zone of PO,,,12,15577,ventricular zone of PO,9914,9,/15564/15565/15566/15567/15568/15569/15576/15577/111220530/,2700842113,8390
383,r2Am,,F29EFF,6,False,734881840,17,1567,3,111220648,mantle zone of r2A,,,12,17025,mantle zone of r2A,11467,9,/15564/15565/16808/16809/17023/17025/111220648/,3025448195,8390
384,r3Bm,,853BE6,6,False,734881840,17,1699,3,111220708,mantle zone of r3B,,,12,17123,mantle zone of r3B,11599,9,/15564/15565/16808/17092/17093/17123/111220708/,877055480,8390
385,VPrPv,,DA4335,10,False,734881840,17,376,3,15929,ventricular zone of VPrP,,,12,15928,ventricular zone of VPrP,10276,9,/15564/15565/15566/15567/15738/15739/15750/15903/15904/15928/15929/,3494952258,8390
386,m1Limm,,4EC54E,8,False,734881840,17,1206,3,16719,mantle zone of m1Lim,,,12,16717,mantle zone of m1Lim,11106,9,/15564/15565/16649/16650/16651/16658/16716/16717/16719/,3178421208,8390
387,VTThm,,FFF189,9,False,734881840,17,928,3,16455,mantle zone of VTTh,,,12,16453,mantle zone of VTTh,10828,9,/15564/15565/15566/16308/16375/16376/16382/16395/16453/16455/,1550412319,8390
388,r10BLm,,83C3AC,7,False,734881840,17,2286,3,17565,mantle zone of r10BL,,,12,17563,mantle zone of r10BL,12186,9,/15564/15565/16808/17352/17538/17562/17563/17565/,942712712,8390
389,CoPm,,F4E35F,8,False,734881840,17,1059,3,111220606,mantle zone of CoP,,,12,16578,mantle zone of CoP,10959,9,/15564/15565/15566/16308/16509/16510/16519/16578/111220606/,4099416399,8390
390,r11Am,,BBE0CB,6,False,734881840,17,2326,3,111220918,mantle zone of r11A,,,12,17598,mantle zone of r11A,12226,9,/15564/15565/16808/17352/17596/17598/111220918/,1729977395,8390
391,PaSv,,FF4865,10,False,734881840,17,642,3,16187,ventricular zone of PaS,,,12,16186,ventricular zone of PaS,10542,9,/15564/15565/15566/15567/15738/15739/15750/15903/16114/16186/16187/,2977476301,8390
392,r10Limm,,A6E0CB,7,False,734881840,17,2273,3,17558,mantle zone of r10Lim,,,12,17556,mantle zone of r10Lim,12173,9,/15564/15565/16808/17352/17538/17540/17556/17558/,3761714224,8390
393,PO1m,,B46632,9,False,734881840,17,27,3,15589,mantle zone of PO1,,,12,15587,mantle zone of PO1,9927,9,/15564/15565/15566/15567/15568/15569/15576/15577/15587/15589/,1158236426,8390
394,m1Rm,,89D889,6,False,734881840,17,1137,3,16654,mantle zone of m1R,,,12,16652,mantle zone of m1R,11037,9,/15564/15565/16649/16650/16651/16652/16654/,213736275,8390
395,r10Bv,,74AE99,6,False,734881840,17,2282,3,111220912,ventricular zone of r10B,,,12,17562,ventricular zone of r10B,12182,9,/15564/15565/16808/17352/17538/17562/111220912/,2279831795,8390
396,m1Fm,,128F12,6,False,734881840,17,1233,3,16744,mantle zone of m1F,,,12,16742,mantle zone of m1F,11133,9,/15564/15565/16649/16650/16725/16742/16744/,375885614,8390
397,IGv,,FF4865,10,False,734881840,17,604,3,16148,ventricular zone of the IG,,,12,16147,ventricular zone of the IG,10504,9,/15564/15565/15566/15567/15738/15739/15750/15903/16114/16147/16148/,3176091754,8390
398,r6Limm,,7CC6FF,7,False,734881840,17,1951,3,17313,mantle zone of r6Lim,,,12,17311,mantle zone of r6Lim,11851,9,/15564/15565/16808/17220/17290/17292/17311/17313/,3256214322,8390
399,r11BMv,,89AE99,7,False,734881840,17,2378,3,17639,ventricular zone of r11BM,,,12,17638,ventricular zone of r11BM,12278,9,/15564/15565/16808/17352/17596/17620/17638/17639/,4288608329,8390
400,p2ALv,,FFED64,8,False,734881840,17,867,3,111220588,ventricular zone of p2AL,,,12,16395,ventricular zone of p2AL,10767,9,/15564/15565/15566/16308/16375/16376/16382/16395/111220588/,4264586129,8390
401,p1Bm,,E6CE20,7,False,734881840,17,1108,3,16626,mantle zone of p1B,,,12,16624,mantle zone of p1B,11008,9,/15564/15565/15566/16308/16509/16623/16624/16626/,99908372,8390
402,DGv,,FF4865,10,False,734881840,17,573,3,16116,ventricular zone of DG,,,12,16115,ventricular zone of DG,10473,9,/15564/15565/15566/15567/15738/15739/15750/15903/16114/16115/16116/,2156841958,8390
403,ICm,,4EC54E,8,False,734881840,17,1180,3,16694,mantle zone of IC,,,12,16692,mantle zone of IC,11080,9,/15564/15565/16649/16650/16651/16658/16668/16692/16694/,1271523849,8390
404,p3ZLm,,FFF7BD,9,False,734881840,17,804,3,16335,mantle zone of p3ZL,,,12,16333,mantle zone of p3ZL,10704,9,/15564/15565/15566/16308/16309/16310/16313/16332/16333/16335/,908627463,8390
405,PCm,,F32F4F,10,False,734881840,17,470,3,16018,mantle zone of PCx,,,12,16016,mantle zone of PCx,10370,9,/15564/15565/15566/15567/15738/15739/15750/15903/16001/16016/16018/,3871145778,8390
406,TCm,,F32F4F,10,False,734881840,17,498,3,16046,mantle zone of TCx,,,12,16044,mantle zone of TCx,10398,9,/15564/15565/15566/15567/15738/15739/15750/15903/16001/16044/16046/,3786758126,8390
407,p1Fv,,A69517,7,False,734881840,17,1125,3,16642,ventricular zone of p1F,,,12,16641,ventricular zone of p1F,11025,9,/15564/15565/15566/16308/16509/16623/16641/16642/,1582518674,8390
408,THyB-Dm,,975C34,8,False,734881840,17,107,3,15669,mantle zone of THyB-D,,,12,15667,mantle zone of THyB-D,10007,9,/15564/15565/15566/15567/15568/15622/15666/15667/15669/,4280645749,8390
409,PcPDm,,F4E35F,9,False,734881840,17,1000,3,16523,mantle zone of PcPD,,,12,16521,mantle zone of PcPD,10900,9,/15564/15565/15566/16308/16509/16510/16519/16520/16521/16523/,244477745,8390
410,Pallv,,D61837,8,False,734881840,17,349,3,111220548,ventricular zone of Pall,,,12,15903,ventricular zone of Pall,10249,9,/15564/15565/15566/15567/15738/15739/15750/15903/111220548/,733752929,8390
411,DTThv,,FFED64,9,False,734881840,17,870,3,16397,ventricular zone of DTTh,,,12,16396,ventricular zone of DTTh,10770,9,/15564/15565/15566/16308/16375/16376/16382/16395/16396/16397/,3331698992,8390
412,ENv,,A8663A,8,False,734881840,17,75,3,15637,ventricular zone of neural retina,,,12,15636,ventricular zone of neural retina,9975,9,/15564/15565/15566/15567/15568/15622/15623/15636/15637/,2942250242,8390
413,r3Limv,,9442FF,7,False,734881840,17,1688,3,17114,ventricular zone of r3Lim,,,12,17113,ventricular zone of r3Lim,11588,9,/15564/15565/16808/17092/17093/17095/17113/17114/,1151342176,8390
414,Pallm,,DA2E4A,8,False,734881840,17,350,3,111220550,mantle zone of Pall,,,12,15903,mantle zone of Pall,10250,9,/15564/15565/15566/15567/15738/15739/15750/15903/111220550/,1263561306,8390
415,p3Chm,,FFF9C7,8,False,734881840,17,779,3,111220578,mantle zone of p3Ch,,,12,16312,mantle zone of p3Ch,10679,9,/15564/15565/15566/16308/16309/16310/16311/16312/111220578/,2435564494,8390
416,r3Fv,,613F93,6,False,734881840,17,1736,3,112892343,ventricular zone of r3F,,,12,17155,ventricular zone of r3F,11636,9,/15564/15565/16808/17092/17093/17155/112892343/,1877075838,8390
417,r4Am,,AC79FF,6,False,734881840,17,1745,3,111220712,mantle zone of r4A,,,12,17158,mantle zone of r4A,11645,9,/15564/15565/16808/17092/17156/17158/111220712/,3792571013,8390
418,SpAv,,EBE3D5,4,False,734881840,17,2400,3,111220942,ventricular zone of SpA,,,12,17653,ventricular zone of SpA,12300,9,/15564/15565/17651/17653/111220942/,324944588,8390
419,r11Fv,,6C8A79,6,False,734881840,17,2392,3,112892429,ventricular zone of r11F,,,12,17650,ventricular zone of r11F,12292,9,/15564/15565/16808/17352/17596/17650/112892429/,2576715179,8390
420,THyB-Dv,,86522E,8,False,734881840,17,106,3,15668,ventricular zone of THyB-D,,,12,15667,ventricular zone of THyB-D,10006,9,/15564/15565/15566/15567/15568/15622/15666/15667/15668/,2988864040,8390
421,r7Av,,12D9B9,6,False,734881840,17,2004,3,111220806,ventricular zone of r7A,,,12,17355,ventricular zone of r7A,11904,9,/15564/15565/16808/17352/17353/17355/111220806/,2515122137,8390
422,r8Fv,,2F8776,6,False,734881840,17,2159,3,112892395,ventricular zone of r8F,,,12,17475,ventricular zone of r8F,12059,9,/15564/15565/16808/17352/17416/17475/112892395/,2350202549,8390
423,r7BLv,,0EAE94,7,False,734881840,17,2046,3,17382,ventricular zone of r7BL,,,12,17381,ventricular zone of r7BL,11946,9,/15564/15565/16808/17352/17353/17380/17381/17382/,2044670514,8390
424,m2Limv,,00D100,8,False,734881840,17,1277,3,16782,ventricular zone of m2Lim,,,12,16781,ventricular zone of m2Lim,11177,9,/15564/15565/16649/16751/16752/16754/16780/16781/16782/,514617686,8390
425,PHyB-Pm,,C9674E,8,False,734881840,17,752,3,16287,mantle zone of PHyB-P,,,12,16285,mantle zone of PHyB-P,10652,9,/15564/15565/15566/15567/15738/16211/16247/16285/16287/,2121199134,8390
426,r7BMm,,10C3A7,7,False,734881840,17,2066,3,17402,mantle zone of r7BM,,,12,17400,mantle zone of r7BM,11966,9,/15564/15565/16808/17352/17353/17380/17400/17402/,1848919711,8390
427,PHyB-Vv,,B25B46,8,False,734881840,17,740,3,16275,ventricular zone of PHyB-V,,,12,16274,ventricular zone of PHyB-V,10640,9,/15564/15565/15566/15567/15738/16211/16247/16274/16275/,3658367350,8390
428,CSPallm,,EA9E4E,9,False,734881840,17,260,3,111220540,mantle zone of CSPall,,,12,15818,mantle zone of CSPall,10160,9,/15564/15565/15566/15567/15738/15739/15750/15751/15818/111220540/,3441435254,8390
429,r6BLv,,4A93CC,7,False,734881840,17,1963,3,17320,ventricular zone of r6BL,,,12,17319,ventricular zone of r6BL,11863,9,/15564/15565/16808/17220/17290/17318/17319/17320/,2015188997,8390
430,r6Limv,,5DB8FF,7,False,734881840,17,1950,3,17312,ventricular zone of r6Lim,,,12,17311,ventricular zone of r6Lim,11850,9,/15564/15565/16808/17220/17290/17292/17311/17312/,1937696338,8390
431,r10BIm,,83C3AC,7,False,734881840,17,2294,3,17573,mantle zone of r10BI,,,12,17571,mantle zone of r10BI,12194,9,/15564/15565/16808/17352/17538/17562/17571/17573/,1213879047,8390
432,SpAm,,EBE3D5,4,False,734881840,17,2401,3,111220944,mantle zone of SpA,,,12,17653,mantle zone of SpA,12301,9,/15564/15565/17651/17653/111220944/,1335143507,8390
433,FCm,,F32F4F,10,False,734881840,17,456,3,16004,mantle zone of FCx,,,12,16002,mantle zone of FCx,10356,9,/15564/15565/15566/15567/15738/15739/15750/15903/16001/16002/16004/,4262928624,8390
434,SCv,,17B317,8,False,734881840,17,1165,3,16679,ventricular zone of SC,,,12,16678,ventricular zone of SC,11065,9,/15564/15565/16649/16650/16651/16658/16668/16678/16679/,2187365225,8390
435,PaSm,,FF5974,10,False,734881840,17,643,3,16188,mantle zone of PaS,,,12,16186,mantle zone of PaS,10543,9,/15564/15565/15566/15567/15738/15739/15750/15903/16114/16186/16188/,3987882066,8390
436,r2Trv,,EE80FF,7,False,734881840,17,1585,3,17037,ventricular zone of r2Tr,,,12,17036,ventricular zone of r2Tr,11485,9,/15564/15565/16808/16809/17023/17025/17036/17037/,2733463717,8390
437,SeDgm,,F5853A,10,False,734881840,17,227,3,15787,mantle zone of SeDg,,,12,15785,mantle zone of SeDg,10127,9,/15564/15565/15566/15567/15738/15739/15750/15751/15784/15785/15787/,2489522762,8390
438,r4BIv,,7E4FCC,7,False,734881840,17,1797,3,17197,ventricular zone of r4BI,,,12,17196,ventricular zone of r4BI,11697,9,/15564/15565/16808/17092/17156/17182/17196/17197/,200505572,8390
439,p2Bv,,CCBE50,7,False,734881840,17,963,3,16488,ventricular zone of p2B,,,12,16487,ventricular zone of p2B,10863,9,/15564/15565/15566/16308/16375/16486/16487/16488/,1913898568,8390
440,VAPm,,DE5548,10,False,734881840,17,389,3,15942,mantle zone of VAP,,,12,15940,mantle zone of VAP,10289,9,/15564/15565/15566/15567/15738/15739/15750/15903/15904/15940/15942/,3853666808,8390
441,p2Limv,,FFED64,9,False,734881840,17,952,3,16477,ventricular zone of p2Lim,,,12,16476,ventricular zone of p2Lim,10852,9,/15564/15565/15566/16308/16375/16376/16382/16466/16476/16477/,2262573669,8390
442,r9Fm,,5EAE99,6,False,734881840,17,2241,3,112892409,mantle zone of r9F,,,12,17537,mantle zone of r9F,12141,9,/15564/15565/16808/17352/17476/17537/112892409/,3385123179,8390
443,VAPv,,DA4335,10,False,734881840,17,388,3,15941,ventricular zone of the VAP,,,12,15940,ventricular zone of the VAP,10288,9,/15564/15565/15566/15567/15738/15739/15750/15903/15904/15940/15941/,1435712164,8390
444,r9Bm,,69C3AC,6,False,734881840,17,2202,3,111220888,mantle zone of r9B,,,12,17500,mantle zone of r9B,12102,9,/15564/15565/16808/17352/17476/17500/111220888/,3467191666,8390
445,m2Fm,,00A700,6,False,734881840,17,1302,3,112892301,mantle zone of m2F,,,12,16805,mantle zone of m2F,11202,9,/15564/15565/16649/16751/16790/16805/112892301/,1028316397,8390
446,SeStrv,,F37321,10,False,734881840,17,250,3,15810,ventricular zone of SeStr,,,12,15809,ventricular zone of SeStr,10150,9,/15564/15565/15566/15567/15738/15739/15750/15751/15784/15809/15810/,863618318,8390
447,OCv,,F2193C,10,False,734881840,17,483,3,16031,ventricular zone of OCx,,,12,16030,ventricular zone of OCx,10383,9,/15564/15565/15566/15567/15738/15739/15750/15903/16001/16030/16031/,2903307744,8390
448,LAPv,,E76E3E,10,False,734881840,17,437,3,15990,ventricular zone of LAP,,,12,15989,ventricular zone of LAP,10337,9,/15564/15565/15566/15567/15738/15739/15750/15903/15956/15989/15990/,2831778241,8390
449,CAm,,FF5974,10,False,734881840,17,583,3,16126,mantle zone of CA,,,12,16124,mantle zone of CA,10483,9,/15564/15565/15566/15567/15738/15739/15750/15903/16114/16124/16126/,1596482479,8390
450,p2ZLm,,FFF189,9,False,734881840,17,944,3,16469,mantle zone of p2ZL,,,12,16467,mantle zone of p2ZL,10844,9,/15564/15565/15566/16308/16375/16376/16382/16466/16467/16469/,938140720,8390
451,m2ALv,,00D100,7,False,734881840,17,1267,3,16772,ventricular zone of m2AL,,,12,16771,ventricular zone of m2AL,11167,9,/15564/15565/16649/16751/16752/16754/16771/16772/,1547953363,8390
452,p3APVm,,FFF7BD,8,False,734881840,17,801,3,111220582,mantle zone of p3APV,,,12,16332,mantle zone of p3APV,10701,9,/15564/15565/15566/16308/16309/16310/16313/16332/111220582/,945600429,8390
453,r1Fm,,BE4ACC,6,False,734881840,17,1557,3,112892325,mantle zone of r1F,,,12,17022,mantle zone of r1F,11457,9,/15564/15565/16808/16809/16915/17022/112892325/,18705251,8390
454,r9BMv,,5EAE99,7,False,734881840,17,2226,3,17524,ventricular zone of r9BM,,,12,17523,ventricular zone of r9BM,12126,9,/15564/15565/16808/17352/17476/17500/17523/17524/,71708590,8390
455,r3Com,,A35DFF,7,False,734881840,17,1663,3,17098,mantle zone of r3Co,,,12,17096,mantle zone of r3Co,11563,9,/15564/15565/16808/17092/17093/17095/17096/17098/,2772868838,8390
456,r5BIv,,2C86CC,7,False,734881840,17,1889,3,17267,ventricular zone of r5BI,,,12,17266,ventricular zone of r5BI,11789,9,/15564/15565/16808/17220/17221/17250/17266/17267/,170988243,8390
457,r8Trm,,79E2CE,7,False,734881840,17,2100,3,17426,mantle zone of r8Tr,,,12,17424,mantle zone of r8Tr,12000,9,/15564/15565/16808/17352/17416/17418/17424/17426/,3482753352,8390
458,r1Vev,,EE5DFF,7,False,734881840,17,1469,3,16951,ventricular zone of r1Ve,,,12,16950,ventricular zone of r1Ve,11369,9,/15564/15565/16808/16809/16915/16919/16950/16951/,290324921,8390
459,p3Fm,,CCC383,7,False,734881840,17,839,3,16370,mantle zone of p3F,,,12,16368,mantle zone of p3F,10739,9,/15564/15565/15566/16308/16309/16352/16368/16370/,816831887,8390
460,SpBLv,,D4CCC0,5,False,734881840,17,2444,3,17694,ventricular zone of SpBL,,,12,17693,ventricular zone of SpBL,12344,9,/15564/15565/17651/17692/17693/17694/,344219948,8390
461,r2Com,,F29EFF,7,False,734881840,17,1570,3,17028,mantle zone of r2Co,,,12,17026,mantle zone of r2Co,11470,9,/15564/15565/16808/16809/17023/17025/17026/17028/,2760176849,8390
462,r1BLm,,D654E6,7,False,734881840,17,1500,3,16970,mantle zone of r1BL,,,12,16968,mantle zone of r1BL,11400,9,/15564/15565/16808/16809/16915/16967/16968/16970/,498993851,8390
463,r3Trm,,A35DFF,7,False,734881840,17,1680,3,17109,mantle zone of r3Tr,,,12,17107,mantle zone of r3Tr,11580,9,/15564/15565/16808/17092/17093/17095/17107/17109/,3284367017,8390
464,r1BMm,,D654E6,7,False,734881840,17,1529,3,16996,mantle zone of r1BM,,,12,16994,mantle zone of r1BM,11429,9,/15564/15565/16808/16809/16915/16967/16994/16996/,1790523949,8390
465,POm,,B46632,8,False,734881840,17,15,3,111220532,mantle zone of PO,,,12,15577,mantle zone of PO,9915,9,/15564/15565/15566/15567/15568/15569/15576/15577/111220532/,3648982842,8390
466,SpFm,,D4CCC0,4,False,734881840,17,2486,3,112892441,mantle zone of SpF,,,12,17734,mantle zone of SpF,12386,9,/15564/15565/17651/17734/112892441/,3522181616,8390
467,isRv,,F070FF,6,False,734881840,17,1312,3,16812,ventricular zone of isR,,,12,16811,ventricular zone of isR,11212,9,/15564/15565/16808/16809/16810/16811/16812/,2503028887,8390
468,r11Trv,,BBE0CB,7,False,734881840,17,2335,3,17604,ventricular zone of r11Tr,,,12,17603,ventricular zone of r11Tr,12235,9,/15564/15565/16808/17352/17596/17598/17603/17604/,1432379555,8390
469,r4Bm,,8E59E6,6,False,734881840,17,1783,3,111220740,mantle zone of r4B,,,12,17182,mantle zone of r4B,11683,9,/15564/15565/16808/17092/17156/17182/111220740/,2064079679,8390
470,CSPallv,,E58724,9,False,734881840,17,259,3,111220538,ventricular zone of CSPall,,,12,15818,ventricular zone of CSPall,10159,9,/15564/15565/15566/15567/15738/15739/15750/15751/15818/111220538/,2149787691,8390
471,VPrPm,,DE5548,10,False,734881840,17,377,3,15930,mantle zone of VPrP,,,12,15928,mantle zone of VPrP,10277,9,/15564/15565/15566/15567/15738/15739/15750/15903/15904/15928/15930/,2965174649,8390
472,CoPVv,,FFE524,9,False,734881840,17,1084,3,16603,ventricular zone of CoPV,,,12,16602,ventricular zone of CoPV,10984,9,/15564/15565/15566/16308/16509/16510/16519/16578/16602/16603/,3597753175,8390
473,r6Vev,,5DB8FF,7,False,734881840,17,1931,3,17299,ventricular zone of r6Ve,,,12,17298,ventricular zone of r6Ve,11831,9,/15564/15565/16808/17220/17290/17292/17298/17299/,335615804,8390
474,m1Fv,,338033,6,False,734881840,17,1232,3,16743,ventricular zone of m1F,,,12,16742,ventricular zone of m1F,11132,9,/15564/15565/16649/16650/16725/16742/16743/,1252876721,8390
475,r11Bm,,9AC3AC,6,False,734881840,17,2359,3,111220940,mantle zone of r11B,,,12,17620,mantle zone of r11B,12259,9,/15564/15565/16808/17352/17596/17620/111220940/,4262727049,8390
476,m2ADv,,00D100,7,False,734881840,17,1249,3,16756,ventricular zone of m2AD,,,12,16755,ventricular zone of m2AD,11149,9,/15564/15565/16649/16751/16752/16754/16755/16756/,1385721057,8390
477,r4Cov,,9E63FF,7,False,734881840,17,1747,3,17160,ventricular zone of r4Co,,,12,17159,ventricular zone of r4Co,11647,9,/15564/15565/16808/17092/17156/17158/17159/17160/,3236285528,8390
478,APalm,,EAB442,10,False,734881840,17,325,3,15880,mantle zone of APal,,,12,15878,mantle zone of APal,10225,9,/15564/15565/15566/15567/15738/15739/15750/15751/15867/15878/15880/,871541578,8390
479,PHyB-Pv,,B25B46,8,False,734881840,17,751,3,16286,ventricular zone of PHyB-P,,,12,16285,ventricular zone of PHyB-P,10651,9,/15564/15565/15566/15567/15738/16211/16247/16285/16286/,862839875,8390
480,StrSev,,FAA41A,10,False,734881840,17,215,3,15775,ventricular zone of StrSe,,,12,15774,ventricular zone of StrSe,10115,9,/15564/15565/15566/15567/15738/15739/15750/15751/15752/15774/15775/,3141922433,8390
481,isBIm,,D332E6,8,False,734881840,17,1401,3,16889,mantle zone of isBI,,,12,16887,mantle zone of isBI,11301,9,/15564/15565/16808/16809/16810/16876/16877/16887/16889/,2580707076,8390
482,isFv,,9824A6,6,False,734881840,17,1424,3,16912,ventricular zone of isF,,,12,16911,ventricular zone of isF,11324,9,/15564/15565/16808/16809/16810/16911/16912/,2414601450,8390
483,p3Bm,,DAD18D,7,False,734881840,17,823,3,16355,mantle zone of p3B,,,12,16353,mantle zone of p3B,10723,9,/15564/15565/15566/16308/16309/16352/16353/16355/,935467414,8390
484,isBLm,,D332E6,7,False,734881840,17,1391,3,16879,mantle zone of isBL,,,12,16877,mantle zone of isBL,11291,9,/15564/15565/16808/16809/16810/16876/16877/16879/,3921183627,8390
485,r8Am,,79E2CE,6,False,734881840,17,2089,3,111220840,mantle zone of r8A,,,12,17418,mantle zone of r8A,11989,9,/15564/15565/16808/17352/17416/17418/111220840/,1320895881,8390
